,Unnamed: 0,count,gender,name,probability
0,0,80.0,male,ABDO,0.99
1,1,,male,ABMAEL,
2,2,21.0,male,ABNER,0.95
3,3,1.0,male,ABRAHAO,1.0
4,4,9.0,female,ACACIA,1.0
5,5,3.0,male,ACACIO,1.0
6,6,,female,ACILENE,
7,7,,female,ACSA,
8,8,,None,ACYNELLY,
9,9,205.0,female,ADA,0.96
10,10,,None,ADAILDE,
11,11,,male,ADAILDO,
12,12,,male,ADAILSON,
13,13,5.0,male,ADAILTON,1.0
14,14,,female,ADALA,
15,15,27.0,male,ADALBERTO,1.0
16,16,1.0,female,ADALGIZA,1.0
17,17,3957.0,male,ADAM,1.0
18,18,10.0,male,ADAMO,0.9
19,19,1.0,male,ADAUTO,1.0
20,20,11.0,male,ADDISON,0.64
21,21,,female,ADEILDE,
22,22,,female,ADEILZE,
23,23,36.0,female,ADELAIDE,1.0
24,24,,male,ADELARDO,
25,25,236.0,female,ADELE,1.0
26,26,2.0,female,ADELENA,1.0
27,27,1.0,male,ADELSON,1.0
28,28,3.0,male,ADEMAR,1.0
29,29,21.0,male,ADEMIR,1.0
30,30,,female,ADENILDA,
31,31,,None,ADENYLZA,
32,32,1.0,male,ADERSON,1.0
33,33,16.0,female,ADILA,0.94
34,34,,female,ADILIANE,
35,35,21.0,male,ADILSON,1.0
36,36,6.0,male,ADIR,1.0
37,37,5.0,female,ADJA,1.0
38,38,,None,ADLAREG,
39,39,,male,ADLEY,
40,40,7.0,female,ADNA,1.0
41,41,1515.0,male,ADRIAN,0.97
42,42,1476.0,female,ADRIANA,1.0
43,43,60.0,female,ADRIANE,0.98
44,44,37.0,female,ADRIANNE,1.0
45,45,166.0,male,ADRIANO,0.99
46,46,,male,ADRIAO,
47,47,2.0,male,ADSON,1.0
48,48,14.0,male,AFONSO,0.93
49,49,4.0,male,AFRANIO,1.0
50,50,,male,AGAMENON,
51,51,1.0,female,AGDA,1.0
52,52,5.0,male,AGNALDO,1.0
53,53,332.0,female,AGNES,1.0
54,54,9.0,male,AGOSTINHO,1.0
55,55,4.0,male,AGUINALDO,1.0
56,56,10.0,male,AILTON,1.0
57,57,,None,AIRAN,
58,58,6.0,male,AIRTON,1.0
59,59,,female,AISLANIA,
60,60,16.0,female,AISSA,0.63
61,61,,None,AKALINE,
62,62,2079.0,male,ALAN,1.0
63,63,259.0,female,ALANA,1.0
64,64,3.0,female,ALANE,1.0
65,65,73.0,female,ALANNA,1.0
66,66,360.0,female,ALBA,0.99
67,67,,None,ALBANYRA,
68,68,1530.0,male,ALBERTO,1.0
69,69,,male,ALBIMAR,
70,70,23.0,male,ALCIDES,1.0
71,71,,female,ALCILEA,
72,72,,female,ALCILEIA,
73,73,1.0,male,ALCIO,1.0
74,74,4.0,female,ALCIONE,1.0
75,75,,male,ALCIVAN,
76,76,28.0,female,ALDA,1.0
77,77,,None,ALDACI,
78,78,10.0,male,ALDAIR,1.0
79,79,,male,ALDAYR,
80,80,,male,ALDENOR,
81,81,275.0,male,ALDO,1.0
82,82,,male,ALDOMAR,
83,83,25.0,male,ALEKSANDR,1.0
84,84,669.0,female,ALESSANDRA,1.0
85,85,1025.0,male,ALESSANDRO,1.0
86,86,5856.0,male,ALEX,0.87
87,87,899.0,male,ALEXANDRE,1.0
88,88,31.0,male,ALEXANDRO,1.0
89,89,45.0,male,ALEXEY,1.0
90,90,226.0,female,ALEXIA,1.0
91,91,15.0,female,ALEXSANDRA,0.93
92,92,6.0,male,ALEXSANDRO,1.0
93,93,,female,ALIANDA,
94,94,1.0,female,ALIANI,1.0
95,95,1414.0,female,ALICE,1.0
96,96,450.0,female,ALINE,1.0
97,97,11.0,male,ALIPIO,1.0
98,98,16.0,female,ALISSON,0.69
99,99,590.0,male,ALLAN,1.0
100,100,,female,ALLYNE,
101,101,158.0,female,ALLYSON,1.0
102,102,,None,ALMAN,
103,103,,None,ALMARIA,
104,104,35.0,male,ALMIR,1.0
105,105,,None,ALTAIVA,
106,106,,None,ALTENIR,
107,107,1.0,male,ALUISIO,1.0
108,108,,male,ALUIZIO,
109,109,671.0,male,ALVARO,1.0
110,110,,None,ALVESSENA,
111,111,2.0,female,ALYNE,1.0
112,112,139.0,female,ALYSON,0.99
113,113,,female,ALZENI,
114,114,2.0,female,ALZIRA,1.0
115,115,,None,ALZIVANY,
116,116,,None,AMADJA,
117,117,,None,AMALUSIA,
118,118,4907.0,female,AMANDA,1.0
119,119,1.0,female,AMANDDA,1.0
120,120,2.0,female,AMANDY,1.0
121,121,,male,AMANTINO,
122,122,4.0,male,AMARILDO,1.0
123,123,,male,AMARINO,
124,124,7.0,male,AMARO,1.0
125,125,6.0,male,AMAURI,1.0
126,126,371.0,female,AMELIA,1.0
127,127,1.0,male,AMILSON,1.0
128,128,1.0,female,AMIRIA,1.0
129,129,9.0,male,AMON,0.67
130,130,,None,AMOYSA,
131,131,3621.0,female,ANA,0.99
132,132,1.0,male,ANAILSON,1.0
133,133,1.0,female,ANAIR,1.0
134,134,4.0,female,ANAISA,1.0
135,135,,female,ANAJULIA,
136,136,3.0,female,ANALICE,1.0
137,137,44.0,female,ANASTACIA,1.0
138,138,,female,ANATALIA,
139,139,,None,ANAYSI,
140,140,197.0,male,ANDERSON,0.99
141,141,1.0,male,ANDERSONN,1.0
142,142,1.0,female,ANDIARA,1.0
143,143,,None,ANDIERISON,
144,144,860.0,male,ANDRE,0.93
145,145,5794.0,female,ANDREA,0.79
146,146,108.0,female,ANDREIA,0.99
147,147,,female,ANDREISSA,
148,148,,male,ANDREO,
149,149,2057.0,male,ANDRES,1.0
150,150,4.0,female,ANDRESA,1.0
151,151,56.0,female,ANDRESSA,1.0
152,152,,None,ANDRETTI,
153,153,147.0,male,ANDREY,0.99
154,154,5.0,female,ANDREZA,1.0
155,155,7.0,female,ANDREZZA,1.0
156,156,57.0,female,ANE,0.98
157,157,,female,ANEIDE,
158,158,,male,ANELINO,
159,159,9.0,female,ANELISE,1.0
160,160,,None,ANELLYSA,
161,161,4.0,female,ANETE,1.0
162,162,3511.0,female,ANGELA,1.0
163,163,,female,ANGELAMARIA,
164,164,946.0,female,ANGELICA,1.0
165,165,1.0,female,ANGELIKE,1.0
166,166,539.0,male,ANGELO,1.0
167,167,90.0,male,ANIBAL,0.98
168,168,1.0,female,ANILZA,1.0
169,169,4755.0,female,ANNA,1.0
170,170,111.0,female,ANNAMARIA,1.0
171,171,2461.0,female,ANNE,1.0
172,172,144.0,female,ANNICK,0.99
173,173,132.0,female,ANNY,0.96
174,174,3029.0,male,ANTHONY,1.0
175,175,144.0,female,ANTOINETTE,1.0
176,176,244.0,female,ANTONIA,0.98
177,177,,female,ANTONIELLI,
178,178,48.0,male,ANTONINO,1.0
179,179,2290.0,male,ANTONIO,1.0
180,180,1.0,male,ANTONIONI,1.0
181,181,,None,ANTONNYO,
182,182,8.0,female,ANUSKA,1.0
183,183,90.0,female,ANY,0.99
184,184,,male,APOLINO,
185,185,,None,APUENA,
186,186,22.0,male,AQUILES,0.95
187,187,,male,ARAKEN,
188,188,8.0,male,ARAMIS,1.0
189,189,,None,ARETHE,
190,190,2.0,male,ARGEU,1.0
191,191,308.0,male,ARI,0.76
192,192,22.0,female,ARIADNE,1.0
193,193,136.0,female,ARIANE,1.0
194,194,,male,ARIANO,
195,195,,male,ARINALDO,
196,196,,male,ARISTON,
197,197,,female,ARISTOTELINA,
198,198,,male,ARISTOTELINO,
199,199,,male,ARIVALDO,
200,200,3.0,male,ARKADY,1.0
201,201,5.0,male,ARLAN,1.0
202,202,271.0,female,ARLENE,1.0
203,203,4.0,female,ARLETE,1.0
204,204,17.0,female,ARLINDA,1.0
205,205,6.0,male,ARLINDO,1.0
206,206,589.0,male,ARMANDO,0.99
207,207,56.0,male,ARNALDO,1.0
208,208,375.0,male,ARNAUD,0.99
209,209,,male,ARNOBIO,
210,210,,None,ARRHENIUS,
211,211,,male,ARRILTON,
212,212,,male,ARRISON,
213,213,,None,ARTEJOSE,
214,214,2.0,female,ARTEMISIA,1.0
215,215,547.0,male,ARTHUR,0.98
216,216,117.0,male,ARTUR,0.98
217,217,,female,ARYELLE,
218,218,,None,ASKERY,
219,219,,male,ATELMO,
220,220,10.0,male,ATHANASIOS,1.0
221,221,,None,AUDINEZ,
222,222,143.0,male,AUGUSTO,1.0
223,223,,None,AUNIEBSON,
224,224,40.0,female,AUREA,0.98
225,225,63.0,male,AURELIO,0.98
226,226,,None,AURIGENA,
227,227,,male,AURINO,
228,228,,female,AUTA,
229,229,,None,AUXINILDO,
230,230,,None,AUZELIVIA,
231,231,,male,AVANDO,
232,232,4.0,male,AVELINO,1.0
233,233,,male,AVERLANDIO,
234,234,,female,AYLANA,
235,235,,None,AYLENE,
236,236,1.0,female,AYSLA,1.0
237,237,,male,AZEMAR,
238,238,2837.0,female,BARBARA,1.0
239,239,,None,BARNORA,
240,240,,female,BARTIRA,
241,241,2.0,male,BARTOLOMEU,1.0
242,242,829.0,female,BEATRIZ,1.0
243,243,2.0,female,BEETHOVEN,0.5
244,244,3.0,male,BENEDITO,1.0
245,245,1475.0,male,BENJAMIN,1.0
246,246,4.0,male,BENTO,0.75
247,247,156.0,female,BERENICE,0.99
248,248,,male,BERGSON,
249,249,2.0,female,BERNADETE,1.0
250,250,8.0,male,BERNARDINO,1.0
251,251,11.0,female,BETANIA,1.0
252,252,54.0,female,BETINA,1.0
253,253,156.0,female,BETTINA,1.0
254,254,684.0,female,BIANCA,1.0
255,255,3.0,male,BISMARCK,1.0
256,256,,male,BONIEK,
257,257,288.0,male,BORIS,1.0
258,258,33.0,male,BRAULIO,1.0
259,259,,male,BRAZ,
260,260,6.0,female,BRENA,1.0
261,261,1816.0,female,BRENDA,0.99
262,262,2.0,male,BRENNO,1.0
263,263,16.0,male,BRENO,1.0
264,264,800.0,male,BRUCE,1.0
265,265,2.0,female,BRUMA,1.0
266,266,166.0,female,BRUNA,1.0
267,267,,None,BRUNILLA,
268,268,5.0,female,BRUNNA,1.0
269,269,926.0,male,BRUNO,1.0
270,270,48.0,male,CAIO,1.0
271,271,2.0,male,CALEBE,1.0
272,272,726.0,female,CAMILA,0.98
273,273,422.0,male,CAMILO,0.99
274,274,442.0,female,CANDICE,1.0
275,275,50.0,female,CANDIDA,1.0
276,276,9.0,female,CANDYCE,1.0
277,277,433.0,female,CARINA,1.0
278,278,1583.0,female,CARLA,1.0
279,279,5149.0,male,CARLOS,1.0
280,280,1.0,male,CARLSON,1.0
281,281,4.0,female,CARMEM,1.0
282,282,1916.0,female,CARMEN,1.0
283,283,1.0,female,CARMO,1.0
284,284,2110.0,female,CAROLINA,0.99
285,285,2457.0,female,CAROLINE,1.0
286,286,,male,CASIO,
287,287,622.0,female,CASSANDRA,1.0
288,288,22.0,female,CASSIA,1.0
289,289,3.0,male,CASSIANO,1.0
290,290,1.0,male,CASSIO,1.0
291,291,85.0,female,CATARINA,0.99
292,292,5.0,female,CATHIA,1.0
293,293,2.0,female,CATIANE,1.0
294,294,1101.0,female,CECILIA,0.99
295,295,,male,CELCIMAR,
296,296,349.0,female,CELIA,1.0
297,297,6.0,female,CELIMAR,1.0
298,298,11.0,male,CELIO,1.0
299,299,,female,CELITA,
300,300,1.0,female,CELLINA,1.0
301,301,36.0,male,CELSO,1.0
302,302,1120.0,male,CESAR,1.0
303,303,14.0,male,CEZAR,1.0
304,304,1798.0,male,CHARLES,1.0
305,305,84.0,female,CHENG,0.57
306,306,,None,CHIANC,
307,307,132.0,female,CHRISTIANE,1.0
308,308,10.0,female,CHRISTIANNE,0.9
309,309,2400.0,female,CHRISTINA,1.0
310,310,,None,CHRISTOMYSLLEY,
311,311,8.0,female,CIBELE,1.0
312,312,2.0,female,CIBELLE,1.0
313,313,1.0,female,CICERA,1.0
314,314,5.0,male,CICERO,1.0
315,315,,None,CICLAMIO,
316,316,2.0,female,CID,0.5
317,317,,None,CIJARA,
318,318,,female,CILIANA,
319,319,1.0,female,CIMONE,1.0
320,320,10.0,female,CINARA,1.0
321,321,86.0,female,CINTHYA,0.99
322,322,184.0,female,CINTIA,0.99
323,323,4.0,male,CIPRIANO,1.0
324,324,,male,CIRINEU,
325,325,,female,CIRLENE,
326,326,116.0,male,CIRO,1.0
327,327,645.0,female,CLARA,1.0
328,328,2.0,female,CLARIANA,1.0
329,329,45.0,female,CLARICE,1.0
330,330,173.0,female,CLARISSA,1.0
331,331,,male,CLAUBERTO,
332,332,327.0,male,CLAUDE,0.81
333,333,3051.0,female,CLAUDIA,1.0
334,334,2.0,female,CLAUDIANA,1.0
335,335,3.0,female,CLAUDIANE,1.0
336,336,,None,CLAUDIANNY,
337,337,854.0,male,CLAUDIO,1.0
338,338,,male,CLAUDIONOR,
339,339,197.0,male,CLAYTON,1.0
340,340,7.0,female,CLEA,1.0
341,341,,male,CLEANTO,
342,342,12.0,male,CLEBER,1.0
343,343,,female,CLEBIA,
344,344,1.0,male,CLEBSON,1.0
345,345,,female,CLECIA,
346,346,1.0,male,CLECIO,1.0
347,347,,female,CLEDIANE,
348,348,5.0,female,CLEIA,1.0
349,349,13.0,female,CLEIDE,1.0
350,350,5.0,male,CLEITON,1.0
351,351,10.0,female,CLELIA,1.0
352,352,,male,CLEMENTINO,
353,353,,female,CLEMILDES,
354,354,,male,CLEMILTON,
355,355,,male,CLENILSON,
356,356,,female,CLEOMARA,
357,357,2.0,female,CLEONICE,1.0
358,358,1.0,male,CLESIO,1.0
359,359,7.0,male,CLEVELAND,0.86
360,360,,male,CLICERIO,
361,361,,male,CLIMERIO,
362,362,5.0,male,CLODOALDO,1.0
363,363,2.0,male,CLODOMIRO,1.0
364,364,15.0,male,CLOVIS,0.93
365,365,1.0,female,CONCEICAO,1.0
366,366,26.0,female,CORDELIA,1.0
367,367,4.0,male,COSME,1.0
368,368,1.0,female,CREUZA,1.0
369,369,,None,CRISDAVID,
370,370,,female,CRISLANE,
371,371,,None,CRISLUCI,
372,372,,female,CRISTHIANNE,
373,373,66.0,female,CRISTIANA,1.0
374,374,85.0,female,CRISTIANE,0.95
375,375,1.0,female,CRISTIANNE,1.0
376,376,120.0,male,CRISTIANO,0.98
377,377,1983.0,female,CRISTINA,1.0
378,378,,male,CRISTOVAM,
379,379,2.0,male,CUSTODIO,1.0
380,380,1.0,female,CYBELE,1.0
381,381,1.0,female,CYNARA,1.0
382,382,1489.0,female,CYNTHIA,1.0
383,383,,None,DACIFRAN,
384,384,50.0,female,DAGMAR,1.0
385,385,3.0,female,DAISE,1.0
386,386,370.0,female,DAISY,0.99
387,387,1.0,female,DALIANE,1.0
388,388,126.0,female,DALILA,1.0
389,389,1.0,female,DALINE,1.0
390,390,88.0,male,DALTON,0.99
391,391,3.0,female,DALVA,1.0
392,392,,female,DALVANEIDE,
393,393,,female,DALVANI,
394,394,,female,DALVANIR,
395,395,,female,DALYANA,
396,396,2.0,female,DAMARES,1.0
397,397,,male,DAMASCENO,
398,398,48.0,female,DAMIANA,1.0
399,399,,male,DAMIAO,
400,400,1.0,female,DANDARA,1.0
401,401,,None,DANDIVA,
402,402,8180.0,male,DANIEL,1.0
403,403,2105.0,female,DANIELA,0.99
404,404,587.0,male,DANIELE,0.86
405,405,164.0,female,DANIELLA,1.0
406,406,2429.0,female,DANIELLE,1.0
407,407,,male,DANIELSON,
408,408,,male,DANILLO,
409,409,293.0,male,DANILO,0.99
410,410,,female,DANNIELLY,
411,411,,female,DANUZIA,
412,412,319.0,male,DANY,0.69
413,413,20.0,female,DARCI,0.9
414,414,4.0,male,DARLAN,1.0
415,415,416.0,female,DARLENE,1.0
416,416,,male,DARLIO,
417,417,48.0,male,DAVI,0.9
418,418,12593.0,male,DAVID,1.0
419,419,,male,DAVITON,
420,420,18.0,male,DAX,1.0
421,421,31.0,female,DAYANE,1.0
422,422,2.0,female,DAYANNE,1.0
423,423,,female,DAYANY,
424,424,2.0,female,DAYENNE,1.0
425,425,,None,DAYHENNI,
426,426,7.0,female,DAYSE,1.0
427,427,325.0,female,DEBORA,0.99
428,428,1275.0,female,DEBORAH,0.99
429,429,,None,DEIBI,
430,430,,male,DEILSON,
431,431,,male,DEIVEDY,
432,432,,None,DEJADIERE,
433,433,2.0,male,DELANDO,1.0
434,434,1.0,female,DELANE,1.0
435,435,,None,DELIANNE,
436,436,,male,DELIO,
437,437,,male,DELSON,
438,438,4.0,male,DENILSON,1.0
439,439,577.0,male,DENIS,0.93
440,440,1844.0,female,DENISE,1.0
441,441,,male,DENISIO,
442,442,2.0,male,DENISON,1.0
443,443,3.0,female,DENIZE,1.0
444,444,1279.0,male,DENNIS,0.99
445,445,9.0,male,DENNYS,0.89
446,446,,male,DENYSON,
447,447,,None,DERISCLEIA,
448,448,,male,DERIVALDO,
449,449,,male,DESIO,
450,450,,female,DEUSA,
451,451,,male,DEUSDEDIT,
452,452,,None,DEUSIMAR,
453,453,,female,DEUZA,
454,454,2.0,female,DEVANI,1.0
455,455,4.0,female,DEYSE,1.0
456,456,2885.0,female,DIANA,0.99
457,457,41.0,male,DICKSON,1.0
458,458,2270.0,male,DIEGO,1.0
459,459,1.0,female,DILIAN,1.0
460,460,1.0,male,DIMITRE,1.0
461,461,197.0,male,DIMITRI,1.0
462,462,61.0,female,DINAH,1.0
463,463,14.0,female,DINARA,1.0
464,464,1.0,male,DINARTE,1.0
465,465,186.0,male,DINO,0.99
466,466,10.0,male,DIOGENES,1.0
467,467,102.0,male,DIOGO,0.99
468,468,,None,DIOMADSON,
469,469,19.0,female,DIONE,0.84
470,470,,None,DJAILDE,
471,471,,male,DJAILSON,
472,472,16.0,male,DJALMA,1.0
473,473,,None,DJANNI,
474,474,73.0,male,DMITRY,1.0
475,475,15.0,male,DOMINGOS,0.93
476,476,689.0,female,DOMINIQUE,0.69
477,477,1.0,female,DONALIA,1.0
478,478,,male,DORGIVAL,
479,479,23.0,female,DORY,0.78
480,480,611.0,male,DOUGLAS,1.0
481,481,,male,DRAULIO,
482,482,197.0,female,DULCE,0.99
483,483,,female,DULCINEIDE,
484,484,2.0,male,DURVAL,1.0
485,485,1.0,male,DYEGO,1.0
486,486,,female,DYNARA,
487,487,,male,EBERTON,
488,488,,male,EDESIO,
489,489,877.0,male,EDGAR,1.0
490,490,24.0,male,EDGARD,1.0
491,491,1.0,female,EDIANA,1.0
492,492,,female,EDILEIDE,
493,493,19.0,female,EDILENE,0.95
494,494,1.0,female,EDILEUZA,1.0
495,495,7.0,female,EDILMA,1.0
496,496,12.0,male,EDILSON,1.0
497,497,1.0,female,EDILZA,1.0
498,498,1.0,female,EDIMAR,1.0
499,499,1.0,female,EDINEIDE,1.0
500,500,,male,EDIPO,
501,501,1.0,male,EDIVAL,1.0
502,502,5.0,male,EDIVALDO,1.0
503,503,6.0,male,EDIVAN,1.0
504,504,1.0,female,EDJA,1.0
505,505,3.0,female,EDJANE,1.0
506,506,1.0,female,EDLA,1.0
507,507,,female,EDLUCIA,
508,508,9.0,male,EDMILSON,1.0
509,509,239.0,female,EDNA,1.0
510,510,1.0,male,EDNALDO,1.0
511,511,,female,EDNEIDE,
512,512,1.0,male,EDNEY,1.0
513,513,,male,EDNOR,
514,514,1.0,male,EDRIENE,1.0
515,515,152.0,male,EDSON,1.0
516,516,116.0,male,EDU,0.99
517,517,16.0,female,EDUARDA,1.0
518,518,1644.0,male,EDUARDO,1.0
519,519,7.0,male,EDVALDO,1.0
520,520,74.0,male,EDY,0.81
521,521,,None,EDZANA,
522,522,35.0,male,EFRAIN,1.0
523,523,,None,EGMAR,
524,524,6.0,female,EIDER,0.5
525,525,4.0,male,EIJI,1.0
526,526,4.0,male,EINSTEIN,1.0
527,527,1142.0,female,ELAINE,1.0
528,528,2.0,female,ELANIA,1.0
529,529,,female,ELAYNNE,
530,530,74.0,female,ELBA,0.97
531,531,69.0,female,ELDA,1.0
532,532,18.0,male,ELDER,0.89
533,533,,None,ELEDIR,
534,534,17.0,female,ELEN,1.0
535,535,1645.0,female,ELENA,1.0
536,536,209.0,female,ELEONORA,1.0
537,537,394.0,female,ELIANA,1.0
538,538,117.0,female,ELIANE,0.99
539,539,372.0,male,ELIAS,1.0
540,540,,female,ELIDETE,
541,541,,male,ELIDIEL,
542,542,,male,ELIEDSON,
543,543,,female,ELIELSA,
544,544,5.0,female,ELIENE,1.0
545,545,,female,ELIENICE,
546,546,1.0,male,ELIESER,1.0
547,547,8.0,female,ELIETE,1.0
548,548,27.0,male,ELIEZER,0.96
549,549,8.0,male,ELIGIO,1.0
550,550,,None,ELIKASSYA,
551,551,,None,ELINEI,
552,552,,female,ELINEIA,
553,553,,female,ELINETE,
554,554,1.0,female,ELIOMAR,1.0
555,555,,None,ELIONE,
556,556,805.0,female,ELISA,0.99
557,557,,female,ELISAMA,
558,558,1.0,female,ELISANDRA,1.0
559,559,24.0,female,ELISANGELA,0.96
560,560,,None,ELISANIE,
561,561,2.0,female,ELISETE,1.0
562,562,1.0,male,ELISIO,1.0
563,563,115.0,female,ELISSA,1.0
564,564,263.0,female,ELIZA,0.99
565,565,,female,ELIZABEL,
566,566,10.0,female,ELIZABETE,1.0
567,567,3508.0,female,ELIZABETH,1.0
568,568,,female,ELIZABETHE,
569,569,5.0,female,ELIZANE,1.0
570,570,5.0,female,ELIZANGELA,1.0
571,571,1.0,male,ELIZEU,1.0
572,572,6.0,female,ELKA,1.0
573,573,86.0,female,ELKE,1.0
574,574,942.0,female,ELLEN,1.0
575,575,17.0,male,ELMAR,0.94
576,576,19.0,male,ELMO,0.79
577,577,33.0,female,ELOISA,1.0
578,578,55.0,female,ELOISE,1.0
579,579,13.0,male,ELSON,0.92
580,580,62.0,male,ELTON,1.0
581,581,179.0,male,ELVIS,0.97
582,582,32.0,female,ELZA,1.0
583,583,2.0,male,EMANOEL,1.0
584,584,236.0,male,EMANUEL,1.0
585,585,170.0,female,EMANUELA,0.99
586,586,241.0,male,EMANUELE,1.0
587,587,2.0,female,EMANUELLA,1.0
588,588,5.0,male,EMANUELLE,0.6
589,589,200.0,female,EMELIE,0.99
590,590,102.0,male,EMERSON,0.99
591,591,7.0,male,EMIDIO,1.0
592,592,24.0,female,EMILI,0.79
593,593,3765.0,female,EMILY,1.0
594,594,176.0,female,EMMANUELLE,0.98
595,595,5.0,male,ENEAS,1.0
596,596,25.0,female,ENEIDA,1.0
597,597,4.0,male,ENGELS,1.0
598,598,,male,ENILDO,
599,599,1.0,male,ENILSON,1.0
600,600,5.0,male,ENIO,1.0
601,601,,None,ENOLEIDE,
602,602,5.0,male,EPIFANIO,1.0
603,603,,male,ERANILSON,
604,604,,None,ERIAMA,
605,605,1281.0,female,ERICA,1.0
606,606,470.0,male,ERICK,1.0
607,607,186.0,female,ERICKA,1.0
608,608,,None,ERICKINSON,
609,609,3.0,male,ERICO,0.67
610,610,2.0,female,ERIDA,1.0
611,611,,None,ERIDJA,
612,612,1072.0,male,ERIK,0.99
613,613,1544.0,female,ERIKA,0.99
614,614,2.0,male,ERIKSON,1.0
615,615,,male,ERINALDO,
616,616,1.0,male,ERIVALDO,1.0
617,617,3.0,male,ERIVAN,1.0
618,618,3.0,female,ERMELINDA,1.0
619,619,,None,ERMETON,
620,620,1.0,male,ERMINIO,1.0
621,621,,male,ERNANDE,
622,622,1.0,male,ERONILSON,1.0
623,623,1.0,female,EROTILDES,1.0
624,624,,None,ERYVALDO,
625,625,8.0,male,ESDRAS,0.88
626,626,,male,ESEQUIAS,
627,627,,None,ESMERALUCIA,
628,628,,male,ESON,
629,629,138.0,female,ESTELA,1.0
630,630,,None,ESTHEPHANIA,
631,631,930.0,female,ESTHER,1.0
632,632,,None,EUDENILSON,
633,633,,male,EUDIONE,
634,634,227.0,female,EUGENIA,1.0
635,635,153.0,male,EUGENIO,1.0
636,636,8.0,female,EULALIA,0.88
637,637,3.0,male,EULER,1.0
638,638,,None,EUNADIA,
639,639,212.0,female,EUNICE,0.99
640,640,2.0,male,EURICO,1.0
641,641,2.0,female,EURIDES,0.5
642,642,,None,EURISTANIA,
643,643,,None,EUSAMAR,
644,644,,female,EUZEBIA,
645,645,,male,EUZEBIO,
646,646,1715.0,female,EVA,1.0
647,647,2.0,male,EVALDO,1.0
648,648,23.0,male,EVANDRO,1.0
649,649,,None,EVANE,
650,650,73.0,male,EVANS,0.92
651,651,,female,EVANUCIA,
652,652,324.0,female,EVE,0.99
653,653,56.0,female,EVELINE,1.0
654,654,3.0,male,EVERALDO,1.0
655,655,17.0,male,EVERARDO,1.0
656,656,48.0,male,EVERTON,1.0
657,657,,male,EVILAZIO,
658,658,2.0,male,EWERTON,1.0
659,659,,male,EXPEDITO,
660,660,3.0,male,EZEQUIAS,1.0
661,661,190.0,male,EZEQUIEL,1.0
662,662,10.0,female,FABIA,1.0
663,663,637.0,male,FABIAN,1.0
664,664,225.0,female,FABIANA,1.0
665,665,7.0,female,FABIANE,1.0
666,666,55.0,male,FABIANO,1.0
667,667,890.0,male,FABIO,0.99
668,668,399.0,female,FABIOLA,0.99
669,669,10.0,female,FABRICIA,1.0
670,670,96.0,male,FABRICIO,1.0
671,671,8.0,male,FAGNER,1.0
672,672,665.0,female,FATIMA,0.99
673,673,686.0,male,FEDERICO,1.0
674,674,912.0,male,FELIPE,1.0
675,675,,male,FELISMINO,
676,676,657.0,male,FELIX,1.0
677,677,5.0,male,FELLIPE,1.0
678,678,49.0,male,FERDINAND,1.0
679,679,795.0,female,FERNANDA,0.99
680,680,2012.0,male,FERNANDO,1.0
681,681,76.0,male,FIDEL,0.99
682,682,132.0,male,FILIPE,1.0
683,683,,None,FIVIA,
684,684,,None,FLADJANY,
685,685,,male,FLAUBER,
686,686,1.0,male,FLAUBERT,1.0
687,687,373.0,female,FLAVIA,0.99
688,688,2.0,female,FLAVIANA,1.0
689,689,3.0,female,FLAVIANE,1.0
690,690,,None,FLAVIERY,
691,691,159.0,male,FLAVIO,0.99
692,692,1.0,male,FLAVIUS,1.0
693,693,,male,FLAVO,
694,694,,male,FLEIDE,
695,695,204.0,female,FLORA,1.0
696,696,4.0,male,FLORIANO,1.0
697,697,,male,FRANCENILDO,
698,698,12.0,female,FRANCIANE,1.0
699,699,,female,FRANCIANNE,
700,700,,female,FRANCIDALVA,
701,701,8.0,female,FRANCIELE,1.0
702,702,,female,FRANCILEIDE,
703,703,245.0,female,FRANCINE,1.0
704,704,,female,FRANCINETE,
705,705,,None,FRANCIONE,
706,706,227.0,female,FRANCISCA,1.0
707,707,1513.0,male,FRANCISCO,1.0
708,708,327.0,male,FRANCK,1.0
709,709,,None,FRANCOIRA,
710,710,290.0,male,FRANCOIS,1.0
711,711,5.0,female,FRANCOISE,0.8
712,712,250.0,male,FRANKLIN,0.99
713,713,966.0,male,FRED,0.98
714,714,23.0,male,FREDERICO,1.0
715,715,,None,FREUDSON,
716,716,25.0,female,FRIEDA,1.0
717,717,31.0,male,FULVIO,1.0
718,718,1674.0,male,GABRIEL,0.99
719,719,1293.0,female,GABRIELA,1.0
720,720,280.0,female,GABRIELLA,0.99
721,721,347.0,female,GABRIELLE,0.99
722,722,,None,GALTIERI,
723,723,8.0,female,GARDENIA,1.0
724,724,,None,GAUGEFRAN,
725,725,,female,GEANEIDE,
726,726,,None,GEILNE,
727,727,,male,GEILSON,
728,728,,female,GEISIELLY,
729,729,,female,GELSA,
730,730,4.0,male,GELSON,1.0
731,731,,male,GENIBALDO,
732,732,,male,GENIBERTO,
733,733,,male,GENILDO,
734,734,2.0,male,GENIVAL,1.0
735,735,11.0,male,GENTIL,1.0
736,736,,None,GEOMEREZ,
737,737,2098.0,male,GEORGE,0.99
738,738,397.0,female,GEORGIA,0.99
739,739,,female,GEOVANEIDE,
740,740,40.0,male,GERALDO,0.98
741,741,619.0,male,GERARDO,1.0
742,742,,male,GERBSON,
743,743,,female,GERCINA,
744,744,,female,GERLANE,
745,745,405.0,male,GERMAN,1.0
746,746,,female,GERMANNA,
747,747,10.0,male,GERMANO,1.0
748,748,,male,GEROMILTON,
749,749,98.0,male,GERSON,1.0
750,750,,female,GERSONEIDE,
751,751,1.0,female,GERUZA,1.0
752,752,1.0,male,GERVASIO,1.0
753,753,13.0,female,GESSICA,1.0
754,754,2.0,male,GETULIO,1.0
755,755,6.0,female,GIANE,1.0
756,756,,None,GIANKA,
757,757,,male,GIBEON,
758,758,14.0,male,GIBSON,0.93
759,759,,None,GIDYENNE,
760,760,201.0,male,GILBERTO,1.0
761,761,1.0,male,GILDASIO,1.0
762,762,,None,GILDENE,
763,763,,female,GILDETE,
764,764,11.0,male,GILDO,1.0
765,765,3.0,female,GILIANE,1.0
766,766,1.0,female,GILKA,1.0
767,767,17.0,male,GILMAR,0.88
768,768,19.0,female,GILMARA,1.0
769,769,,male,GILNEI,
770,770,13.0,male,GILSON,1.0
771,771,13.0,male,GILVAN,1.0
772,772,,male,GILVANDO,
773,773,1.0,female,GILVANIA,1.0
774,774,,male,GILVANILDO,
775,775,,None,GILZEMBERG,
776,776,23.0,male,GIORDANO,0.91
777,777,31.0,female,GIOVANA,1.0
778,778,347.0,female,GIOVANNA,1.0
779,779,,female,GIRLAYNE,
780,780,85.0,female,GISELE,1.0
781,781,155.0,female,GISELLE,0.98
782,782,12.0,female,GISLAINE,1.0
783,783,8.0,female,GISLENE,1.0
784,784,1.0,male,GIULIAN,1.0
785,785,89.0,female,GIULIANA,0.97
786,786,2.0,female,GIULIANNA,1.0
787,787,,male,GIUSEPPI,
788,788,,female,GIZELMA,
789,789,,female,GIZEUDA,
790,790,9.0,male,GLAUBER,1.0
791,791,1.0,female,GLAUCE,1.0
792,792,,female,GLAUCIANA,
793,793,,female,GLAUCIANE,
794,794,1.0,male,GLAUCIO,1.0
795,795,,None,GLAUKO,
796,796,,female,GLAYCE,
797,797,2.0,male,GLEDSON,1.0
798,798,1.0,female,GLEICE,1.0
799,799,3.0,male,GLEIDSON,1.0
800,800,,None,GLEIKO,
801,801,,female,GLEISSE,
802,802,652.0,male,GLENN,0.99
803,803,,male,GLEYBSON,
804,804,2.0,male,GLEYDSON,1.0
805,805,1.0,female,GLICIA,1.0
806,806,1158.0,female,GLORIA,1.0
807,807,,None,GLYNNER,
808,808,1125.0,female,GRACE,0.99
809,809,19.0,female,GRACIA,1.0
810,810,1.0,female,GRACIELLE,1.0
811,811,,female,GRACIMARA,
812,812,,None,GRACIMARY,
813,813,,male,GRACIO,
814,814,,male,GRACO,
815,815,2.0,female,GRASIELA,1.0
816,816,56.0,female,GRAZIELLA,1.0
817,817,4.0,female,GRAZIELLE,1.0
818,818,,female,GRINAURA,
819,819,,male,GUALTER,
820,820,,male,GUARACI,
821,821,190.0,male,GUILHERME,1.0
822,822,,None,GUNTHINEIA,
823,823,1161.0,male,GUSTAVO,1.0
824,824,,male,GUTEMBERGUE,
825,825,,male,GUTENBERG,
826,826,,None,GYLCE,
827,827,,None,GYOVANNY,
828,828,3.0,female,HADASSA,1.0
829,829,,None,HADIELLSON,
830,830,,male,HAILSON,
831,831,3.0,male,HAILTON,1.0
832,832,,male,HALAMO,
833,833,,None,HALCIMA,
834,834,,female,HALINE,
835,835,,None,HALLISSA,
836,836,,male,HALLYSSON,
837,837,1949.0,female,HANNAH,1.0
838,838,2.0,male,HANRY,1.0
839,839,,None,HARETON,
840,840,1.0,female,HARIM,1.0
841,841,15.0,male,HAROLDO,1.0
842,842,,None,HARTT,
843,843,612.0,male,HASSAN,0.99
844,844,3220.0,female,HEATHER,1.0
845,845,,male,HEBEL,
846,846,13.0,male,HEBERT,1.0
847,847,390.0,male,HECTOR,1.0
848,848,8.0,male,HEITOR,1.0
849,849,7.0,female,HELAINE,1.0
850,850,,female,HELAINY,
851,851,,male,HELANO,
852,852,,male,HELCIO,
853,853,28.0,male,HELDER,1.0
854,854,,None,HELDERES,
855,855,2201.0,female,HELEN,0.99
856,856,637.0,female,HELENA,1.0
857,857,,female,HELENICE,
858,858,3.0,male,HELENO,1.0
859,859,103.0,female,HELI,0.98
860,860,22.0,female,HELIANA,1.0
861,861,,female,HELIANE,
862,862,1.0,female,HELIDA,1.0
863,863,17.0,male,HELIO,1.0
864,864,83.0,female,HELLEN,0.98
865,865,,female,HELLYDA,
866,866,13.0,female,HELOISA,1.0
867,867,,female,HELOUISE,
868,868,2.0,male,HELTON,1.0
869,869,1.0,male,HENIO,1.0
870,870,9.0,female,HENNE,1.0
871,871,118.0,male,HENRIQUE,1.0
872,872,1067.0,male,HENRY,1.0
873,873,,None,HERBENNY,
874,874,91.0,male,HERBERT,1.0
875,875,,male,HERBET,
876,876,,male,HERBETE,
877,877,,None,HERCIANE,
878,878,17.0,female,HERCULANA,1.0
879,879,1.0,male,HERCULANO,1.0
880,880,,male,HERIC,
881,881,1.0,male,HERICK,1.0
882,882,2.0,female,HERIKA,1.0
883,883,1.0,male,HERMANO,1.0
884,884,34.0,male,HERMES,1.0
885,885,7.0,male,HERMINIO,1.0
886,886,4.0,male,HERNANI,1.0
887,887,,male,HERTZ,
888,888,5.0,male,HEVERTON,1.0
889,889,,male,HEVIO,
890,890,1.0,male,HEYDER,1.0
891,891,9.0,male,HIGOR,1.0
892,892,,female,HILCA,
893,893,219.0,female,HILDA,1.0
894,894,2.0,female,HILDEGARD,0.5
895,895,,None,HINDIAEL,
896,896,9.0,male,HIPOLITO,1.0
897,897,27.0,male,HIRAM,1.0
898,898,3.0,male,HIRONOBU,1.0
899,899,26.0,male,HOMERO,1.0
900,900,,None,HORTEVAN,
901,901,6.0,female,HOSANA,1.0
902,902,15.0,male,HUDSON,1.0
903,903,,None,HUGANISA,
904,904,836.0,male,HUGO,1.0
905,905,,None,HULDMARY,
906,906,194.0,male,HUMBERTO,0.99
907,907,,None,HYLARINA,
908,908,,None,HYLAS,
909,909,,None,IAGE,
910,910,2159.0,male,IAN,0.99
911,911,7.0,female,IANA,1.0
912,912,2.0,female,IANNE,1.0
913,913,,female,IANNY,
914,914,1.0,male,IANO,1.0
915,915,,None,IAPONY,
916,916,16.0,female,IARA,1.0
917,917,,female,IASMIM,
918,918,12.0,male,ICARO,1.0
919,919,12.0,female,IDALINA,1.0
920,920,3.0,female,IDALMIS,1.0
921,921,,None,IDAUSA,
922,922,1.0,female,IDIANA,1.0
923,923,1.0,male,IDIVALDO,1.0
924,924,7.0,female,IEDA,1.0
925,925,,male,IESUS,
926,926,,female,IGARA,
927,927,345.0,male,IGOR,1.0
928,928,43.0,female,ILANA,1.0
929,929,,female,ILANE,
930,930,,female,ILARA,
931,931,2.0,female,ILENA,1.0
932,932,,None,ILISDAYNE,
933,933,34.0,female,ILKA,1.0
934,934,,None,ILLANNE,
935,935,1.0,male,ILLIA,1.0
936,936,1.0,female,ILMARA,1.0
937,937,,female,ILUSKA,
938,938,,female,ILZENETE,
939,939,2.0,male,INACIO,1.0
940,940,2.0,female,INAE,0.5
941,941,,None,INAMAR,
942,942,,male,INAURO,
943,943,51.0,female,INDIA,1.0
944,944,96.0,female,INDIRA,0.98
945,945,812.0,female,INGRID,1.0
946,946,4.0,female,INGRYD,1.0
947,947,20.0,female,IOLANDA,1.0
948,948,13.0,female,IONE,1.0
949,949,6.0,female,IRACEMA,1.0
950,950,,male,IRACU,
951,951,,female,IRALICE,
952,952,,female,IRAMARA,
953,953,24.0,female,IRAN,0.96
954,954,2.0,female,IRANI,1.0
955,955,,male,IRANILDO,
956,956,,male,IRANILTON,
957,957,1300.0,female,IRENE,1.0
958,958,573.0,female,IRIS,0.99
959,959,429.0,female,ISA,0.67
960,960,472.0,male,ISAAC,1.0
961,961,1.0,male,ISAACK,1.0
962,962,1094.0,female,ISABEL,1.0
963,963,91.0,female,ISABELA,0.99
964,964,1.0,female,ISABELE,1.0
965,965,13.0,female,ISABELITA,1.0
966,966,367.0,female,ISABELLA,0.99
967,967,867.0,female,ISABELLE,1.0
968,968,,female,ISABELLY,
969,969,15.0,male,ISAC,0.93
970,970,41.0,female,ISADORA,1.0
971,971,45.0,male,ISAIAS,1.0
972,972,1.0,female,ISANA,1.0
973,973,4.0,male,ISAQUE,1.0
974,974,21.0,female,ISAURA,1.0
975,975,,None,ISAUREMI,
976,976,1.0,male,ISAURO,1.0
977,977,74.0,female,ISIS,0.97
978,978,257.0,male,ISMAEL,1.0
979,979,804.0,male,ISMAIL,0.99
980,980,3.0,female,ISMENIA,1.0
981,981,,female,ISNARA,
982,982,384.0,male,ISRAEL,0.99
983,983,1.0,female,ITALA,1.0
984,984,47.0,male,ITALO,1.0
985,985,29.0,male,ITAMAR,0.97
986,986,,male,ITAMIR,
987,987,,male,ITANILDO,
988,988,12.0,male,IURI,0.92
989,989,2.0,male,IVALDO,1.0
990,990,3.0,male,IVAM,1.0
991,991,1905.0,male,IVAN,1.0
992,992,,male,IVANALDO,
993,993,1.0,male,IVANDRO,1.0
994,994,,male,IVANDSON,
995,995,1.0,female,IVANEIDE,1.0
996,996,,None,IVANIELLY,
997,997,2.0,male,IVANILDO,1.0
998,998,,None,IVANILKA,
999,999,,female,IVANISE,
1000,1000,,female,IVANIZIA,
1001,1001,1.0,female,IVANNY,1.0
1002,1002,,male,IVANOEL,
1003,1003,,male,IVANOR,
1004,1004,,female,IVANOSCA,
1005,1005,,None,IVANOVITCH,
1006,1006,2.0,female,IVELISE,1.0
1007,1007,,female,IVELY,
1008,1008,2.0,female,IVETE,1.0
1009,1009,,female,IVINA,
1010,1010,146.0,male,IVO,0.97
1011,1011,16.0,female,IVONE,1.0
1012,1012,,female,IVONEIDE,
1013,1013,2.0,female,IVONETE,1.0
1014,1014,3.0,male,IZAAC,1.0
1015,1015,24.0,female,IZABEL,1.0
1016,1016,10.0,female,IZABELLE,1.0
1017,1017,1.0,female,IZADORA,1.0
1018,1018,,male,IZAIAS,
1019,1019,,female,IZALA,
1020,1020,,female,IZAURA,
1021,1021,1.0,female,JACIARA,1.0
1022,1022,,female,JACICLEIDE,
1023,1023,,female,JACILEIDE,
1024,1024,49.0,female,JACINTA,1.0
1025,1025,13.0,male,JACINTO,1.0
1026,1026,1.0,female,JACIRA,1.0
1027,1027,62.0,female,JACKELINE,1.0
1028,1028,178.0,male,JACKSON,0.98
1029,1029,52.0,male,JACOPO,1.0
1030,1030,1016.0,female,JACQUELINE,1.0
1031,1031,8.0,female,JACQUELINNE,1.0
1032,1032,,female,JACYANA,
1033,1033,,female,JACYENE,
1034,1034,17.0,male,JADER,0.94
1035,1035,,None,JADNAELSON,
1036,1036,4.0,male,JADSON,1.0
1037,1037,,male,JAHYR,
1038,1038,,female,JAILDA,
1039,1039,,female,JAILMA,
1040,1040,6.0,male,JAILSON,1.0
1041,1041,1.0,male,JAILTON,1.0
1042,1042,1247.0,male,JAIME,0.68
1043,1043,96.0,male,JAIR,1.0
1044,1044,4.0,female,JAIRA,1.0
1045,1045,227.0,male,JAIRO,1.0
1046,1046,,male,JALES,
1047,1047,,male,JAMERSON,
1048,1048,6359.0,male,JAMES,0.99
1049,1049,5.0,female,JAMILE,1.0
1050,1050,5.0,female,JAMILLE,1.0
1051,1051,,male,JAMILSON,
1052,1052,61.0,female,JANAINA,0.98
1053,1053,1796.0,female,JANE,0.99
1054,1054,16.0,female,JANETE,1.0
1055,1055,,None,JANEUSA,
1056,1056,,male,JANILSON,
1057,1057,397.0,female,JANINE,1.0
1058,1058,12.0,male,JANIO,1.0
1059,1059,,None,JANMILLI,
1060,1060,240.0,male,JANNE,0.6
1061,1061,,None,JAQUELIGIA,
1062,1062,128.0,female,JAQUELINE,0.98
1063,1063,7.0,male,JAQUES,1.0
1064,1064,4927.0,male,JASON,1.0
1065,1065,2.0,female,JAZIEL,0.5
1066,1066,,None,JAZIELLI,
1067,1067,1523.0,female,JEAN,0.53
1068,1068,15.0,male,JEANCARLO,1.0
1069,1069,25.0,female,JEANE,1.0
1070,1070,2.0,female,JEANETE,1.0
1071,1071,449.0,female,JEANNE,1.0
1072,1072,29.0,male,JEFERSON,0.97
1073,1073,127.0,male,JEFFERSON,1.0
1074,1074,3.0,male,JEFFERSSON,1.0
1075,1075,,male,JEIEL,
1076,1076,,male,JEKSON,
1077,1077,5.0,male,JENNER,0.8
1078,1078,6717.0,female,JENNIFER,1.0
1079,1079,2.0,female,JENNYS,1.0
1080,1080,,male,JERFFESON,
1081,1081,31.0,male,JERONIMO,0.97
1082,1082,,male,JESAIAS,
1083,1083,,male,JESONIAS,
1084,1084,6696.0,female,JESSICA,1.0
1085,1085,,None,JESSICLEY,
1086,1086,83.0,female,JESSIKA,1.0
1087,1087,11.0,female,JESSYCA,1.0
1088,1088,1071.0,male,JESUS,0.98
1089,1089,1.0,male,JHONATAS,1.0
1090,1090,1.0,male,JOABE,1.0
1091,1091,,male,JOACY,
1092,1092,,male,JOADE,
1093,1093,,None,JOADETE,
1094,1094,,male,JOADIR,
1095,1095,257.0,female,JOANA,0.99
1096,1096,21.0,female,JOANE,0.9
1097,1097,,female,JOANILDA,
1098,1098,3.0,male,JOANNES,1.0
1099,1099,283.0,male,JOAO,1.0
1100,1100,43.0,male,JOAQUIM,1.0
1101,1101,,male,JOATA,
1102,1102,,male,JOATAN,
1103,1103,,male,JOATAO,
1104,1104,,None,JOCEKLEYTON,
1105,1105,,female,JOCELIA,
1106,1106,9.0,female,JOCELINE,1.0
1107,1107,,female,JOCIANE,
1108,1108,,None,JODEYLSON,
1109,1109,1468.0,male,JOEL,0.99
1110,1110,1.0,female,JOELIA,1.0
1111,1111,17.0,female,JOELMA,0.94
1112,1112,2.0,female,JOELSON,0.5
1113,1113,,female,JOELZA,
1114,1114,9931.0,male,JOHN,0.99
1115,1115,,None,JOHNNATAS,
1116,1116,33.0,female,JOICE,1.0
1117,1117,3.0,male,JOILSON,1.0
1118,1118,,female,JOIZA,
1119,1119,628.0,male,JONAS,1.0
1120,1120,2.0,male,JONATA,1.0
1121,1121,6.0,male,JONATAS,1.0
1122,1122,3702.0,male,JONATHAN,1.0
1123,1123,,female,JONIA,
1124,1124,28.0,female,JORDANA,0.93
1125,1125,400.0,male,JORDI,1.0
1126,1126,3183.0,male,JORGE,1.0
1127,1127,,male,JOSAIR,
1128,1128,,None,JOSALMIR,
1129,1129,,None,JOSCELIANO,
1130,1130,3821.0,male,JOSE,0.99
1131,1131,3.0,female,JOSEANE,1.0
1132,1132,34.0,female,JOSEFA,0.97
1133,1133,,None,JOSEILCE,
1134,1134,,male,JOSELENO,
1135,1135,5.0,female,JOSELI,0.6
1136,1136,3.0,female,JOSELIA,1.0
1137,1137,2.0,male,JOSELIO,1.0
1138,1138,27.0,male,JOSELITO,0.96
1139,1139,,female,JOSELLY,
1140,1140,1.0,male,JOSEMAR,1.0
1141,1141,,female,JOSEMERY,
1142,1142,,None,JOSENALDE,
1143,1143,,male,JOSENBERG,
1144,1144,,female,JOSENEIDE,
1145,1145,1.0,male,JOSENILDO,1.0
1146,1146,2.0,male,JOSENILSON,1.0
1147,1147,1.0,female,JOSEPHY,1.0
1148,1148,,female,JOSERLANDIA,
1149,1149,,female,JOSIANA,
1150,1150,121.0,female,JOSIANE,1.0
1151,1151,7.0,male,JOSIAS,1.0
1152,1152,,None,JOSIBEL,
1153,1153,1.0,female,JOSICLEIDE,1.0
1154,1154,,female,JOSILDA,
1155,1155,2.0,female,JOSILENE,1.0
1156,1156,,female,JOSILETE,
1157,1157,1.0,female,JOSIMARA,1.0
1158,1158,1.0,female,JOSINA,1.0
1159,1159,,male,JOSINALDO,
1160,1160,,female,JOSINEIDE,
1161,1161,1.0,female,JOSINETE,1.0
1162,1162,1.0,male,JOSIVAN,1.0
1163,1163,,female,JOSIVANIA,
1164,1164,,female,JOSSANA,
1165,1165,278.0,male,JOSUE,0.99
1166,1166,63.0,female,JOSY,0.94
1167,1167,7.0,female,JOVANKA,1.0
1168,1168,1.0,female,JOYANNE,1.0
1169,1169,1089.0,female,JOYCE,0.97
1170,1170,,None,JOYMARA,
1171,1171,,None,JOYME,
1172,1172,4584.0,male,JUAN,0.99
1173,1173,6.0,male,JUAREZ,0.83
1174,1174,,male,JUCIANO,
1175,1175,,female,JUCIENE,
1176,1176,1.0,female,JUCILENE,1.0
1177,1177,,None,JUCIMAR,
1178,1178,1.0,female,JUDITE,1.0
1179,1179,750.0,female,JUDITH,1.0
1180,1180,1.0,female,JUDITHE,1.0
1181,1181,,None,JUDNEY,
1182,1182,10.0,male,JUDSON,1.0
1183,1183,2152.0,female,JULIA,0.99
1184,1184,636.0,female,JULIANA,1.0
1185,1185,59.0,female,JULIANE,1.0
1186,1186,63.0,female,JULIANNE,1.0
1187,1187,,female,JULIANNY,
1188,1188,40.0,male,JULIANO,0.98
1189,1189,,female,JULIANY,
1190,1190,4260.0,female,JULIE,1.0
1191,1191,2.0,female,JULIETE,1.0
1192,1192,91.0,female,JULIETH,0.97
1193,1193,1052.0,male,JULIO,1.0
1194,1194,12.0,female,JULITA,1.0
1195,1195,1.0,female,JULLIANE,1.0
1196,1196,125.0,female,JULY,0.95
1197,1197,,female,JULYANA,
1198,1198,,None,JULYHERME,
1199,1199,10.0,female,JUNA,1.0
1200,1200,,female,JURACI,
1201,1201,1.0,male,JURANDIR,1.0
1202,1202,3.0,female,JUREMA,1.0
1203,1203,1.0,male,JUSCELINO,1.0
1204,1204,,male,JUSCIANO,
1205,1205,11.0,female,JUSSARA,1.0
1206,1206,,male,JUSSIER,
1207,1207,,None,JUSSUER,
1208,1208,,female,JUVANEIDE,
1209,1209,11.0,male,JUVENAL,1.0
1210,1210,,female,KADMA,
1211,1211,46.0,female,KAISA,1.0
1212,1212,,male,KALIANO,
1213,1213,,None,KALIENY,
1214,1214,35.0,female,KALINA,1.0
1215,1215,2.0,female,KALINE,1.0
1216,1216,,male,KALLIL,
1217,1217,,None,KALLILE,
1218,1218,,female,KALLINE,
1219,1219,,female,KALYANE,
1220,1220,2.0,female,KALYNE,1.0
1221,1221,108.0,female,KAMILA,1.0
1222,1222,,female,KAMYLA,
1223,1223,5462.0,female,KAREN,1.0
1224,1224,1.0,female,KARENINE,1.0
1225,1225,,None,KARILANY,
1226,1226,,female,KARILENE,
1227,1227,31.0,female,KARIME,0.84
1228,1228,1160.0,female,KARINA,1.0
1229,1229,482.0,female,KARINE,1.0
1230,1230,11.0,female,KARINNA,1.0
1231,1231,1.0,female,KARITA,1.0
1232,1232,1032.0,female,KARLA,1.0
1233,1233,,female,KARLIANE,
1234,1234,,None,KARLLYAMMO,
1235,1235,91.0,female,KAROLINE,0.98
1236,1236,,None,KARYLANE,
1237,1237,18.0,female,KARYNA,1.0
1238,1238,26.0,female,KARYNE,1.0
1239,1239,3.0,male,KASSIO,1.0
1240,1240,1.0,female,KATARINE,1.0
1241,1241,1413.0,female,KATHERINE,1.0
1242,1242,19.0,female,KATHIA,1.0
1243,1243,,female,KATHYLEEN,
1244,1244,419.0,female,KATIA,1.0
1245,1245,1.0,female,KATIANE,1.0
1246,1246,3741.0,female,KATIE,1.0
1247,1247,,female,KATIENE,
1248,1248,11.0,female,KATIUSCIA,1.0
1249,1249,,None,KATTARINE,
1250,1250,85.0,female,KATYA,1.0
1251,1251,,female,KAYNARA,
1252,1252,24.0,female,KAYO,0.79
1253,1253,61.0,female,KEILA,0.98
1254,1254,1417.0,male,KEITH,0.99
1255,1255,24.0,female,KEITY,1.0
1256,1256,,None,KEIVILANY,
1257,1257,,None,KELIENNY,
1258,1258,42.0,female,KELLEN,0.52
1259,1259,3831.0,female,KELLY,0.94
1260,1260,,female,KELSIANE,
1261,1261,438.0,male,KELVIN,1.0
1262,1262,61.0,female,KENIA,1.0
1263,1263,,male,KENIO,
1264,1264,37.0,male,KENNEDY,0.57
1265,1265,,female,KERCIA,
1266,1266,,male,KERGINALDO,
1267,1267,,None,KERLEI,
1268,1268,,female,KEROLAYNNE,
1269,1269,151.0,female,KERSTIN,1.0
1270,1270,5.0,female,KESIA,1.0
1271,1271,2.0,female,KESSIA,1.0
1272,1272,1.0,female,KESSYA,1.0
1273,1273,39.0,female,KEYLA,0.95
1274,1274,,male,KILDER,
1275,1275,1.0,female,KILZA,1.0
1276,1276,,female,KIONARA,
1277,1277,,None,KISNA,
1278,1278,,None,KIVHIA,
1279,1279,1.0,female,KIVIA,1.0
1280,1280,,None,KIVYSON,
1281,1281,3.0,male,KLAYTON,1.0
1282,1282,19.0,male,KLEBER,1.0
1283,1283,,male,KLEIBER,
1284,1284,,male,KLEISON,
1285,1285,1.0,male,KLEYTON,1.0
1286,1286,,None,KTARINA,
1287,1287,,None,KURIOS,
1288,1288,,None,LADDYLA,
1289,1289,78.0,female,LADY,0.97
1290,1290,,male,LAECIO,
1291,1291,,male,LAELSON,
1292,1292,3.0,male,LAERCIO,1.0
1293,1293,1.0,male,LAERTE,1.0
1294,1294,,None,LAHELYA,
1295,1295,44.0,female,LAIS,0.98
1296,1296,2.0,female,LAISA,1.0
1297,1297,5.0,female,LAISE,1.0
1298,1298,,female,LAISIA,
1299,1299,10.0,female,LAIZA,1.0
1300,1300,,female,LAIZE,
1301,1301,,None,LAMONIARA,
1302,1302,277.0,female,LANA,0.99
1303,1303,86.0,male,LANE,0.64
1304,1304,,None,LANISSA,
1305,1305,5.0,female,LANNA,1.0
1306,1306,,None,LANNUZYA,
1307,1307,552.0,female,LARA,1.0
1308,1308,,None,LARALIS,
1309,1309,322.0,female,LARISSA,1.0
1310,1310,1.0,female,LARISSE,1.0
1311,1311,7953.0,female,LAURA,1.0
1312,1312,1.0,female,LAURIANA,1.0
1313,1313,87.0,female,LAURITA,0.99
1314,1314,13.0,male,LAURO,1.0
1315,1315,101.0,female,LAVINIA,0.99
1316,1316,393.0,male,LAWRENCE,1.0
1317,1317,1.0,female,LAYANE,1.0
1318,1318,328.0,male,LEANDRO,1.0
1319,1319,,male,LEANDSON,
1320,1320,33.0,female,LEDA,1.0
1321,1321,,female,LEID,
1322,1322,375.0,female,LEILA,1.0
1323,1323,,female,LEILANNE,
1324,1324,,female,LEILIANNE,
1325,1325,2.0,female,LEIS,0.5
1326,1326,18.0,female,LELIA,1.0
1327,1327,592.0,female,LENA,0.99
1328,1328,,female,LENICIA,
1329,1329,,male,LENILTON,
1330,1330,3.0,female,LENISE,1.0
1331,1331,759.0,male,LEO,0.95
1332,1332,409.0,male,LEON,0.99
1333,1333,886.0,male,LEONARDO,1.0
1334,1334,137.0,male,LEONEL,0.99
1335,1335,27.0,male,LEONIDAS,0.96
1336,1336,,male,LEONILSON,
1337,1337,44.0,male,LEOPOLDO,1.0
1338,1338,,female,LERCIA,
1339,1339,349.0,female,LETICIA,0.99
1340,1340,,None,LETISSANDRA,
1341,1341,139.0,male,LEVI,0.95
1342,1342,267.0,female,LIA,0.99
1343,1343,92.0,female,LIANA,0.99
1344,1344,,female,LIBNA,
1345,1345,,male,LICELIO,
1346,1346,348.0,female,LIDIA,1.0
1347,1347,7.0,female,LIDIANE,1.0
1348,1348,,female,LIDIANNE,
1349,1349,1.0,male,LIDIO,1.0
1350,1350,,female,LIETI,
1351,1351,49.0,female,LIGIA,1.0
1352,1352,,female,LIGIANNE,
1353,1353,1.0,male,LIGIO,1.0
1354,1354,103.0,female,LILIA,1.0
1355,1355,278.0,female,LILIAN,0.94
1356,1356,748.0,female,LILIANA,0.99
1357,1357,90.0,female,LILIANE,1.0
1358,1358,3.0,female,LILIANNE,1.0
1359,1359,91.0,male,LINCOLN,0.98
1360,1360,4323.0,female,LINDA,1.0
1361,1361,1.0,female,LINDALVA,1.0
1362,1362,3.0,male,LINDEMBERG,1.0
1363,1363,,female,LINDIJANE,
1364,1364,,male,LINDOLFO,
1365,1365,,male,LINDUARTE,
1366,1366,,female,LISABETE,
1367,1367,16.0,female,LISANDRA,1.0
1368,1368,,female,LISIE,
1369,1369,,female,LISIEUX,
1370,1370,32.0,female,LISS,1.0
1371,1371,40.0,female,LISSA,0.95
1372,1372,178.0,female,LIVIA,0.99
1373,1373,22.0,male,LIVIO,1.0
1374,1374,1696.0,female,LIZ,1.0
1375,1375,,female,LIZIANNE,
1376,1376,1.0,female,LIZIE,1.0
1377,1377,65.0,female,LORAINE,1.0
1378,1378,191.0,female,LORE,0.99
1379,1379,1133.0,female,LORENA,1.0
1380,1380,3.0,female,LORENNA,1.0
1381,1381,1791.0,female,LOUISE,1.0
1382,1382,,None,LOUISIANNY,
1383,1383,415.0,female,LOURDES,1.0
1384,1384,2.0,female,LOURENA,1.0
1385,1385,1.0,male,LOURIVAL,1.0
1386,1386,,None,LOUSARDO,
1387,1387,28.0,male,LUAN,0.82
1388,1388,158.0,female,LUANA,1.0
1389,1389,15.0,female,LUANDA,1.0
1390,1390,19.0,female,LUANN,1.0
1391,1391,12.0,female,LUANNA,1.0
1392,1392,1003.0,male,LUCAS,1.0
1393,1393,,male,LUCELIO,
1394,1394,902.0,female,LUCIA,0.99
1395,1395,460.0,female,LUCIANA,0.99
1396,1396,24.0,female,LUCIANE,1.0
1397,1397,2.0,male,LUCIANI,1.0
1398,1398,1.0,female,LUCIANNA,1.0
1399,1399,365.0,male,LUCIANO,1.0
1400,1400,41.0,male,LUCIEN,0.98
1401,1401,13.0,female,LUCIENE,1.0
1402,1402,80.0,female,LUCILA,1.0
1403,1403,,female,LUCILDA,
1404,1404,1.0,female,LUCILEIDE,1.0
1405,1405,15.0,female,LUCIMAR,0.87
1406,1406,,female,LUCINEIA,
1407,1407,2.0,female,LUCINEIDE,1.0
1408,1408,101.0,male,LUCIO,1.0
1409,1409,,female,LUCIVANIA,
1410,1410,,male,LUCRECIO,
1411,1411,,female,LUCYMARA,
1412,1412,,None,LUCYPAULA,
1413,1413,4053.0,male,LUIS,1.0
1414,1414,177.0,male,LUIZ,0.99
1415,1415,53.0,female,LUIZA,0.96
1416,1416,,female,LUIZY,
1417,1417,,None,LUTIANE,
1418,1418,493.0,female,LUZ,0.99
1419,1419,,female,LUZANIRA,
1420,1420,43.0,female,LUZIA,1.0
1421,1421,1.0,female,LUZIANA,1.0
1422,1422,,female,LUZIENE,
1423,1423,,None,LUZIMAR,
1424,1424,,female,LUZIMARA,
1425,1425,,female,LUZINETE,
1426,1426,2.0,female,LYANE,1.0
1427,1427,1.0,female,LYGIA,1.0
1428,1428,,None,LYRENE,
1429,1429,5.0,female,LYSANDRA,1.0
1430,1430,7.0,female,LYVIA,1.0
1431,1431,234.0,female,MABEL,1.0
1432,1432,,None,MACERLY,
1433,1433,5.0,male,MACIEL,0.6
1434,1434,,male,MACILON,
1435,1435,,None,MADRAS,
1436,1436,311.0,female,MAGALI,0.99
1437,1437,334.0,female,MAGDA,0.97
1438,1438,411.0,female,MAGDALENA,1.0
1439,1439,10.0,male,MAGDI,0.8
1440,1440,7.0,female,MAGNA,0.86
1441,1441,,female,MAGNALDA,
1442,1442,10.0,male,MAGNO,1.0
1443,1443,24.0,female,MAGNOLIA,1.0
1444,1444,302.0,male,MAGNUS,1.0
1445,1445,1.0,female,MAHAYANA,1.0
1446,1446,,female,MAIANNA,
1447,1447,4.0,female,MAIARA,1.0
1448,1448,12.0,female,MAISA,1.0
1449,1449,1.0,female,MAIZA,1.0
1450,1450,,None,MAKARIOS,
1451,1451,1.0,male,MALCON,1.0
1452,1452,,male,MANASSES,
1453,1453,,None,MANILO,
1454,1454,27.0,male,MANOEL,1.0
1455,1455,3.0,female,MANOELLA,1.0
1456,1456,1954.0,male,MANUEL,1.0
1457,1457,460.0,female,MANUELA,1.0
1458,1458,340.0,female,MARA,0.96
1459,1459,,female,MARALICE,
1460,1460,403.0,male,MARCEL,0.96
1461,1461,844.0,female,MARCELA,0.99
1462,1462,30.0,male,MARCELINO,1.0
1463,1463,124.0,female,MARCELLA,0.99
1464,1464,96.0,female,MARCELLE,1.0
1465,1465,190.0,male,MARCELLO,1.0
1466,1466,810.0,male,MARCELO,1.0
1467,1467,370.0,female,MARCIA,1.0
1468,1468,5.0,male,MARCIANO,1.0
1469,1469,6.0,male,MARCILIO,1.0
1470,1470,110.0,male,MARCIO,0.99
1471,1471,,female,MARCIONEIDE,
1472,1472,2493.0,male,MARCO,0.99
1473,1473,2.0,male,MARCONDES,1.0
1474,1474,1.0,male,MARCONE,1.0
1475,1475,7.0,male,MARCONI,0.86
1476,1476,1.0,male,MARCONIO,1.0
1477,1477,823.0,male,MARCOS,1.0
1478,1478,970.0,male,MARCUS,1.0
1479,1479,33.0,female,MARGARETH,1.0
1480,1480,,female,MARGARETTI,
1481,1481,56.0,female,MARGARIDA,1.0
1482,1482,441.0,female,MARGARITA,1.0
1483,1483,8402.0,female,MARIA,0.99
1484,1484,1247.0,female,MARIANA,1.0
1485,1485,33.0,female,MARIANE,1.0
1486,1486,66.0,female,MARIANGELA,1.0
1487,1487,812.0,female,MARIANNE,0.99
1488,1488,310.0,male,MARIANO,1.0
1489,1489,,female,MARICELE,
1490,1490,5.0,female,MARILDA,1.0
1491,1491,,female,MARILEIDE,
1492,1492,,female,MARILEILA,
1493,1493,9.0,female,MARILENE,1.0
1494,1494,14.0,female,MARILIA,1.0
1495,1495,1326.0,female,MARINA,0.99
1496,1496,2.0,female,MARINES,1.0
1497,1497,,female,MARINEZA,
1498,1498,2026.0,male,MARIO,0.99
1499,1499,612.0,female,MARISA,1.0
1500,1500,42.0,female,MARISE,1.0
1501,1501,,male,MARISIO,
1502,1502,10.0,female,MARISTELA,1.0
1503,1503,23.0,female,MARIZA,1.0
1504,1504,,male,MARIZALDO,
1505,1505,,female,MARIZE,
1506,1506,,None,MARIZO,
1507,1507,342.0,female,MARJORIE,0.99
1508,1508,10.0,female,MARJORY,1.0
1509,1509,3.0,male,MARKE,0.67
1510,1510,412.0,male,MARKUS,1.0
1511,1511,3.0,female,MARLE,1.0
1512,1512,475.0,female,MARLENE,1.0
1513,1513,21.0,female,MARLI,1.0
1514,1514,,female,MARLIETE,
1515,1515,,male,MARLLON,
1516,1516,1.0,male,MARLOS,1.0
1517,1517,1.0,female,MARLUCE,1.0
1518,1518,,female,MARLUCIA,
1519,1519,37.0,female,MARLY,0.95
1520,1520,,female,MARSILENE,
1521,1521,1408.0,female,MARTA,1.0
1522,1522,1169.0,female,MARTHA,0.99
1523,1523,3568.0,male,MARTIN,1.0
1524,1524,,None,MASSILDE,
1525,1525,23.0,male,MATEUS,1.0
1526,1526,63.0,male,MATHEUS,1.0
1527,1527,61.0,female,MATILDE,1.0
1528,1528,261.0,male,MATTHIEU,1.0
1529,1529,6.0,female,MAUREN,1.0
1530,1530,,female,MAURICEIA,
1531,1531,,male,MAURICELIO,
1532,1532,1203.0,male,MAURICIO,1.0
1533,1533,14.0,male,MAURILIO,1.0
1534,1534,,male,MAURITY,
1535,1535,477.0,male,MAURO,1.0
1536,1536,1140.0,male,MAX,0.98
1537,1537,1.0,male,MAXSON,1.0
1538,1538,77.0,male,MAXWELL,0.99
1539,1539,1.0,female,MAYANE,1.0
1540,1540,20.0,female,MAYARA,1.0
1541,1541,,female,MAYONARA,
1542,1542,401.0,female,MAYRA,1.0
1543,1543,5.0,female,MEIRE,1.0
1544,1544,183.0,female,MELINA,0.99
1545,1545,4400.0,female,MELISSA,1.0
1546,1546,,female,MELKA,
1547,1547,,male,MELQUESEDEQUE,
1548,1548,3.0,female,MELYNA,1.0
1549,1549,,male,MENELEU,
1550,1550,,None,MENILLA,
1551,1551,1.0,female,MERCES,1.0
1552,1552,2.0,female,MERCIA,1.0
1553,1553,2.0,female,MEYRE,0.5
1554,1554,4.0,male,MEYSAM,1.0
1555,1555,11094.0,male,MICHAEL,1.0
1556,1556,729.0,male,MICHEL,0.96
1557,1557,1311.0,female,MICHELE,0.7
1558,1558,40.0,female,MICHELINE,0.98
1559,1559,5658.0,female,MICHELLE,1.0
1560,1560,,female,MICHELLINE,
1561,1561,1.0,female,MIDIA,1.0
1562,1562,,female,MIDIAM,
1563,1563,12.0,female,MIDORI,1.0
1564,1564,2065.0,male,MIGUEL,1.0
1565,1565,,female,MIKELLY,
1566,1566,392.0,female,MILENA,1.0
1567,1567,19.0,female,MILENE,0.95
1568,1568,,female,MILKIA,
1569,1569,1.0,female,MILLENA,1.0
1570,1570,168.0,male,MILTON,1.0
1571,1571,3.0,female,MILVA,1.0
1572,1572,2.0,male,MIQUEIAS,1.0
1573,1573,,female,MIRACY,
1574,1574,,female,MIRADALVA,
1575,1575,,female,MIRALVA,
1576,1576,,female,MIRANICE,
1577,1577,68.0,female,MIRELLA,1.0
1578,1578,5.0,female,MIRIA,1.0
1579,1579,851.0,female,MIRIAM,1.0
1580,1580,63.0,female,MIRIAN,1.0
1581,1581,5.0,female,MIRLA,0.8
1582,1582,,None,MIRNARI,
1583,1583,1.0,female,MOAB,1.0
1584,1584,1.0,male,MOACIR,1.0
1585,1585,,male,MOACY,
1586,1586,,None,MOALDECIR,
1587,1587,3.0,female,MOEMA,1.0
1588,1588,133.0,male,MOISES,1.0
1589,1589,,None,MONACI,
1590,1590,16.0,female,MONALISA,1.0
1591,1591,4.0,female,MONALIZA,1.0
1592,1592,2787.0,female,MONICA,1.0
1593,1593,734.0,female,MONIQUE,1.0
1594,1594,,female,MONISE,
1595,1595,1.0,female,MONIZE,1.0
1596,1596,1.0,female,MONYKA,1.0
1597,1597,11.0,female,MORGANA,1.0
1598,1598,5.0,male,MORTON,1.0
1599,1599,,male,MOUSANIEL,
1600,1600,4.0,male,MOYSES,1.0
1601,1601,,None,MUIRAKYTAN,
1602,1602,7.0,male,MURILLO,1.0
1603,1603,18.0,male,MURILO,1.0
1604,1604,1.0,female,MYCHELLE,1.0
1605,1605,3.0,female,MYLENA,1.0
1606,1606,,female,MYLLENA,
1607,1607,1036.0,female,NADIA,0.99
1608,1608,140.0,female,NADJA,1.0
1609,1609,1.0,male,NADSON,1.0
1610,1610,16.0,female,NAI,0.63
1611,1611,1.0,female,NAIANNE,1.0
1612,1612,,None,NAICHE,
1613,1613,1.0,female,NAINA,1.0
1614,1614,9.0,female,NAIRA,1.0
1615,1615,1.0,female,NAIRE,1.0
1616,1616,,None,NAISANDRA,
1617,1617,,None,NAIYAN,
1618,1618,1.0,female,NALVA,1.0
1619,1619,131.0,female,NAN,0.91
1620,1620,2716.0,female,NANCY,1.0
1621,1621,32.0,female,NARA,0.91
1622,1622,3.0,female,NASTASSJA,1.0
1623,1623,1370.0,female,NATALIA,1.0
1624,1624,2027.0,female,NATALIE,1.0
1625,1625,2.0,female,NATANIA,1.0
1626,1626,,female,NATANY,
1627,1627,981.0,female,NATASHA,1.0
1628,1628,,male,NATERCIO,
1629,1629,100.0,female,NATHALIA,1.0
1630,1630,106.0,female,NATHALY,1.0
1631,1631,2.0,female,NATHALYA,1.0
1632,1632,2.0,female,NATHANY,1.0
1633,1633,1.0,female,NATJA,1.0
1634,1634,8.0,female,NAYANA,1.0
1635,1635,21.0,female,NAYARA,1.0
1636,1636,8.0,female,NAYDA,1.0
1637,1637,,None,NAZINEIDE,
1638,1638,,female,NEDJA,
1639,1639,2.0,male,NEEMIAS,1.0
1640,1640,5.0,female,NEIDA,1.0
1641,1641,1036.0,male,NEIL,1.0
1642,1642,,female,NEILMA,
1643,1643,3.0,male,NEILSON,1.0
1644,1644,24.0,female,NELI,0.88
1645,1645,3.0,male,NELIO,1.0
1646,1646,609.0,male,NELSON,0.99
1647,1647,24.0,female,NELY,1.0
1648,1648,,None,NERIDEUS,
1649,1649,,female,NERIVANIA,
1650,1650,,male,NESIO,
1651,1651,317.0,male,NESTOR,1.0
1652,1652,,female,NEUCIANE,
1653,1653,1.0,female,NEUMA,1.0
1654,1654,,female,NEUSIENE,
1655,1655,35.0,female,NEY,0.8
1656,1656,,None,NEYJMME,
1657,1657,1.0,male,NEYMAR,1.0
1658,1658,1.0,female,NEYRE,1.0
1659,1659,,female,NEYSE,
1660,1660,216.0,male,NG,0.66
1661,1661,3.0,male,NICOLAU,1.0
1662,1662,4042.0,female,NICOLE,1.0
1663,1663,,male,NIEDSON,
1664,1664,,None,NIEGIA,
1665,1665,42.0,female,NILA,1.0
1666,1666,,female,NILBA,
1667,1667,,male,NILBERTO,
1668,1668,80.0,female,NILDA,1.0
1669,1669,4.0,female,NILMA,1.0
1670,1670,13.0,male,NILO,1.0
1671,1671,26.0,male,NILSON,1.0
1672,1672,16.0,male,NILTON,1.0
1673,1673,11.0,female,NILZA,1.0
1674,1674,,None,NIOMAR,
1675,1675,103.0,male,NIR,0.99
1676,1676,,female,NIREIDE,
1677,1677,7.0,male,NIVALDO,0.86
1678,1678,8.0,female,NIVIA,1.0
1679,1679,,female,NIVIAN,
1680,1680,,female,NIZETE,
1681,1681,,female,NIZIA,
1682,1682,,None,NKARTHE,
1683,1683,4.0,female,NOELI,1.0
1684,1684,307.0,female,NOELIA,1.0
1685,1685,,female,NOEMEA,
1686,1686,,male,NOMINANDO,
1687,1687,69.0,male,NORBERTO,1.0
1688,1688,548.0,female,NORMA,1.0
1689,1689,52.0,female,NUBIA,1.0
1690,1690,287.0,female,NURIA,1.0
1691,1691,,None,NYLADIH,
1692,1692,,male,OBERLAN,
1693,1693,116.0,male,OCTAVIO,0.99
1694,1694,,female,ODENISE,
1695,1695,,female,ODILENE,
1696,1696,,male,ODILENO,
1697,1697,,male,ODIRLEI,
1698,1698,7.0,male,OLAVO,1.0
1699,1699,898.0,female,OLGA,1.0
1700,1700,,None,OLGANIELLE,
1701,1701,943.0,female,OLIVIA,
1702,1702,2.0,female,ONEIDE,0.99
1703,1703,3.0,female,ONELIA,1.0
1704,1704,,male,ONILDO,1.0
1705,1705,,None,ORGIVAL,
1706,1706,,None,ORIONE,
1707,1707,,male,ORISON,
1708,1708,,male,ORIVALDO,
1709,1709,364.0,male,ORLANDO,
1710,1710,1650.0,male,OSCAR,0.99
1711,1711,4.0,male,OSSIAN,0.99
1712,1712,138.0,male,OSVALDO,1.0
1713,1713,126.0,male,OSWALDO,1.0
1714,1714,1.0,male,OTACILIO,1.0
1715,1715,,male,OTANIO,1.0
1716,1716,,male,OTOM,
1717,1717,14.0,male,OTONIEL,
1718,1718,90.0,male,OTTO,1.0
1719,1719,,female,OZENILDA,1.0
1720,1720,,male,OZIAS,
1721,1721,,None,OZIMAR,
1722,1722,1653.0,male,PABLO,
1723,1723,,None,PAGANDAI,1.0
1724,1724,,female,PALLOMA,
1725,1725,213.0,female,PALOMA,
1726,1726,1468.0,female,PAMELA,1.0
1727,1727,,female,PAMERA,1.0
1728,1728,3488.0,female,PATRICIA,
1729,1729,2877.0,male,PATRICK,1.0
1730,1730,2298.0,female,PAULA,1.0
1731,1731,,female,PAULIANE,0.99
1732,1732,454.0,male,PAULO,
1733,1733,1631.0,male,PEDRO,1.0
1734,1734,88.0,female,PENELOPE,0.99
1735,1735,3.0,male,PERICLES,0.99
1736,1736,,female,PETALA,1.0
1737,1737,1.0,male,PETRAS,
1738,1738,4.0,male,PETRONIO,1.0
1739,1739,26.0,male,PETRUS,1.0
1740,1740,1.0,male,PETTERSON,1.0
1741,1741,,male,PETTRUS,1.0
1742,1742,,None,PHIETICA,
1743,1743,605.0,male,PHILIPPE,
1744,1744,1.0,male,PHILLYPE,0.99
1745,1745,6.0,male,PIO,1.0
1746,1746,,male,PITAGORAS,1.0
1747,1747,,None,PLEDSON,
1748,1748,3.0,male,PLINIO,
1749,1749,20.0,female,POLIANA,1.0
1750,1750,9.0,female,POLLYANA,1.0
1751,1751,37.0,female,POLLYANNA,1.0
1752,1752,4.0,female,POLYANA,1.0
1753,1753,1.0,female,POLYANNE,1.0
1754,1754,256.0,female,PRISCILA,1.0
1755,1755,536.0,female,PRISCILLA,1.0
1756,1756,1.0,male,PROTASIO,1.0
1757,1757,4021.0,female,RACHEL,1.0
1758,1758,,None,RADEGUNDIS,1.0
1759,1759,15.0,female,RADMILA,
1760,1760,1245.0,male,RAFAEL,1.0
1761,1761,69.0,female,RAFAELA,1.0
1762,1762,25.0,female,RAFAELLA,0.97
1763,1763,17.0,male,RAFAELLE,1.0
1764,1764,17.0,male,RAFAELLE,0.71
1765,1765,22.0,male,RAI,0.71
1766,1766,1.0,female,RAIANE,0.73
1767,1767,,male,RAIANO,1.0
1768,1768,,male,RAIFF,
1769,1769,1.0,male,RAILSON,
1770,1770,1.0,female,RAIMAR,1.0
1771,1771,2.0,female,RAIMUNDA,1.0
1772,1772,16.0,male,RAIMUNDO,1.0
1773,1773,,female,RAINETE,1.0
1774,1774,,female,RAIONARA,
1775,1775,12.0,female,RAISSA,
1776,1776,28.0,female,RAIZA,1.0
1777,1777,307.0,male,RAMON,1.0
1778,1778,29.0,male,RAMSES,0.99
1779,1779,19.0,female,RAND,1.0
1780,1780,,male,RANDOLFO,0.53
1781,1781,4.0,male,RANE,
1782,1782,,None,RANIELLE,0.75
1783,1783,,None,RANIERY,
1784,1784,,male,RANILSON,
1785,1785,,male,RANNIERY,
1786,1786,246.0,male,RAPHAEL,
1787,1787,3.0,female,RAPHAELLA,1.0
1788,1788,878.0,female,RAQUEL,1.0
1789,1789,,female,RAQUELINE,1.0
1790,1790,821.0,male,RAUL,
1791,1791,3.0,female,RAVENNA,1.0
1792,1792,1.0,female,RAYANA,1.0
1793,1793,20.0,male,RAYANE,1.0
1794,1794,2.0,female,RAYANNA,0.55
1795,1795,3.0,female,RAYANNE,1.0
1796,1796,,male,RAYRON,1.0
1797,1797,3.0,female,RAYSSA,
1798,1798,248.0,female,REBECA,1.0
1799,1799,3182.0,female,REBECCA,0.99
1800,1800,21.0,female,REBEKKA,1.0
1801,1801,,None,REGIBERTO,1.0
1802,1802,497.0,female,REGINA,
1803,1803,18.0,male,REGINALDO,1.0
1804,1804,,male,REGIVAN,1.0
1805,1805,,male,REIDSON,
1806,1806,,female,REILDA,
1807,1807,79.0,male,REINALDO,
1808,1808,,None,REIVLA,1.0
1809,1809,17.0,female,REJANE,
1810,1810,,female,RENAILDA,1.0
1811,1811,,male,RENAM,
1812,1812,50.0,male,RENAN,
1813,1813,309.0,female,RENATA,0.98
1814,1814,329.0,male,RENATO,0.99
1815,1815,,None,RENCIO,1.0
1816,1816,522.0,male,RENE,
1817,1817,20.0,male,RENY,0.81
1818,1818,,female,RERICA,0.75
1819,1819,146.0,male,REX,
1820,1820,,None,REYMARD,1.0
1821,1821,58.0,male,REYNALDO,
1822,1822,,None,RHANNIEL,1.0
1823,1823,,female,RHUAMA,
1824,1824,1.0,male,RHUAN,
1825,1825,,male,RHUDSON,1.0
1826,1826,1916.0,male,RICARDO,
1827,1827,288.0,male,RICCARDO,1.0
1828,1828,,None,RICELLE,1.0
1829,1829,2.0,male,RICHARDSON,
1830,1830,3.0,female,RICHELE,1.0
1831,1831,,male,RIDALVO,1.0
1832,1832,1.0,male,RIDAN,
1833,1833,,female,RIELLY,1.0
1834,1834,,female,RIMENA,
1835,1835,,None,RINADJA,
1836,1836,1097.0,female,RITA,
1837,1837,25.0,female,RIVA,1.0
1838,1838,,male,RIVALDO,0.84
1839,1839,,male,RIVANALDO,
1840,1840,,None,RIVUS,
1841,1841,2.0,female,RIZIA,
1842,1842,11.0,male,ROAN,1.0
1843,1843,,male,ROBERIO,0.55
1844,1844,734.0,female,ROBERTA,
1845,1845,1956.0,male,ROBERTO,1.0
1846,1846,,None,ROBERTTHA,1.0
1847,1847,1.0,male,ROBERVAL,
1848,1848,83.0,male,ROBINSON,1.0
1849,1849,39.0,male,ROBSON,0.99
1850,1850,9.0,female,ROCHELE,1.0
1851,1851,,None,RODIO,1.0
1852,1852,,male,RODIVAN,
1853,1853,304.0,male,RODOLFO,
1854,1854,1277.0,male,RODRIGO,1.0
1855,1855,68.0,male,ROGERIO,1.0
1856,1856,,male,ROGERSON,0.99
1857,1857,,None,ROMAYANA,
1858,1858,,male,ROMERITO,
1859,1859,7.0,male,ROMERO,
1860,1860,2.0,male,ROMILDO,0.71
1861,1861,,male,ROMILSON,1.0
1862,1862,,male,ROMOALDO,
1863,1863,1.0,male,ROMUALDO,
1864,1864,6.0,male,ROMULO,1.0
1865,1865,,None,RONABSON,1.0
1866,1866,,male,RONAI,
1867,1867,97.0,male,RONALDO,
1868,1868,,None,RONEDILK,1.0
1869,1869,393.0,male,RONNIE,
1870,1870,273.0,male,RONNY,0.9
1871,1871,,male,ROOSEWELT,0.99
1872,1872,947.0,female,ROSA,
1873,1873,29.0,female,ROSALIA,0.99
1874,1874,163.0,female,ROSANA,1.0
1875,1875,12.0,female,ROSANE,1.0
1876,1876,,female,ROSANEIDE,1.0
1877,1877,19.0,female,ROSANGELA,
1878,1878,68.0,female,ROSANNE,1.0
1879,1879,,None,ROSAVER,0.99
1880,1880,857.0,female,ROSE,
1881,1881,2.0,female,ROSEANA,0.99
1882,1882,7.0,female,ROSEANE,1.0
1883,1883,2.0,female,ROSELENE,1.0
1884,1884,9.0,female,ROSELI,1.0
1885,1885,4.0,female,ROSELY,1.0
1886,1886,316.0,female,ROSEMARY,1.0
1887,1887,14.0,female,ROSEMEIRE,1.0
1888,1888,,male,ROSENALDO,1.0
1889,1889,1.0,female,ROSENEIDE,
1890,1890,1.0,female,ROSIANA,1.0
1891,1891,,female,ROSICLEA,1.0
1892,1892,359.0,female,ROSIE,
1893,1893,2.0,female,ROSIMEIRE,1.0
1894,1894,,female,ROSINETE,1.0
1895,1895,,female,ROSIRES,
1896,1896,127.0,female,ROSSANA,
1897,1897,9.0,female,ROVENA,1.0
1898,1898,1.0,female,ROZANGELA,1.0
1899,1899,6.0,female,ROZANNE,1.0
1900,1900,1.0,female,ROZELI,1.0
1901,1901,,female,RUANA,1.0
1902,1902,,female,RUBENIA,
1903,1903,,male,RUBENILSON,
1904,1904,20.0,male,RUBENS,
1905,1905,,None,RUCKER,1.0
1906,1906,149.0,male,RUI,
1907,1907,,male,RUMMENIGGE,0.86
1908,1908,,None,RUSCELI,
1909,1909,,None,RUTACIO,
1910,1910,18.0,female,RUTE,
1911,1911,1344.0,female,RUTH,1.0
1912,1912,,female,RUTHINEIA,1.0
1913,1913,,None,RUTHNALDO,
1914,1914,,female,RUTILENE,
1915,1915,11.0,male,RUY,
1916,1916,1331.0,female,SABRINA,0.91
1917,1917,,female,SABRINNE,1.0
1918,1918,7.0,male,SAINT,
1919,1919,,female,SAIONARA,0.57
1920,1920,1.0,female,SALETE,
1921,1921,,None,SALICHOA,1.0
1922,1922,41.0,female,SALOME,
1923,1923,4.0,female,SALVINA,1.0
1924,1924,,None,SAMAHERNI,1.0
1925,1925,101.0,female,SAMARA,
1926,1926,101.0,female,SAMIA,0.97
1927,1927,377.0,male,SAMIR,0.98
1928,1928,166.0,female,SAMIRA,0.99
1929,1929,1409.0,male,SAMUEL,0.99
1930,1930,1.0,male,SAMYR,1.0
1931,1931,2.0,female,SANCHA,1.0
1932,1932,1.0,male,SANDERSON,1.0
1933,1933,236.0,female,SANDI,1.0
1934,1934,4110.0,female,SANDRA,0.93
1935,1935,237.0,male,SANDRO,1.0
1936,1936,,None,SANEIRIANY,1.0
1937,1937,59.0,male,SANTOS,
1938,1938,,female,SANZIA,0.95
1939,1939,,female,SAONARA,
1940,1940,4435.0,female,SARA,
1941,1941,8371.0,female,SARAH,0.99
1942,1942,93.0,male,SAUL,1.0
1943,1943,31.0,male,SAULO,0.99
1944,1944,36.0,male,SAVIO,1.0
1945,1945,3.0,female,SAYONARA,1.0
1946,1946,,female,SCHIRLEY,1.0
1947,1947,1459.0,male,SEBASTIAN,
1948,1948,2.0,female,SEBASTIANA,1.0
1949,1949,1.0,male,SEBASTIAO,1.0
1950,1950,2.0,female,SEDINA,1.0
1951,1951,,None,SELAN,1.0
1952,1952,195.0,female,SELMA,
1953,1953,,None,SEMELY,1.0
1954,1954,38.0,male,SERGEI,
1955,1955,1818.0,male,SERGIO,0.97
1956,1956,,male,SERVULO,1.0
1957,1957,1.0,female,SEVERINA,
1958,1958,9.0,male,SEVERINO,1.0
1959,1959,1.0,female,SHALINE,1.0
1960,1960,,female,SHARLINE,1.0
1961,1961,,female,SHAYANNA,
1962,1962,923.0,female,SHEILA,
1963,1963,10.0,female,SHEILLA,1.0
1964,1964,45.0,female,SHEYLA,1.0
1965,1965,,None,SHEYLENA,1.0
1966,1966,1073.0,female,SHIRLEY,
1967,1967,,None,SHIRLLE,1.0
1968,1968,1.0,female,SIBELE,
1969,1969,,None,SIDARTA,1.0
1970,1970,107.0,male,SIDNEY,
1971,1971,3.0,female,SILENA,0.76
1972,1972,,male,SILENO,1.0
1973,1973,,male,SILVAGNER,
1974,1974,296.0,female,SILVANA,
1975,1975,35.0,male,SILVANO,1.0
1976,1976,14.0,male,SILVESTRE,1.0
1977,1977,1766.0,female,SILVIA,1.0
1978,1978,183.0,male,SILVIO,1.0
1979,1979,1086.0,female,SIMONE,1.0
1980,1980,,None,SISLLEY,0.55
1981,1981,4.0,male,SOCRATES,
1982,1982,186.0,female,SOLANGE,1.0
1983,1983,6.0,male,SOLON,1.0
1984,1984,,None,SONAYDY,1.0
1985,1985,,None,SONEMY,
1986,1986,1550.0,female,SONIA,
1987,1987,14.0,female,SORAIA,1.0
1988,1988,,None,SORANEIDE,0.93
1989,1989,142.0,female,SORAYA,
1990,1990,,male,STEFFERSON,0.99
1991,1991,30.0,female,STELA,
1992,1992,441.0,female,STELLA,1.0
1993,1993,1.0,female,STENIA,1.0
1994,1994,,male,STENIO,1.0
1995,1995,4114.0,female,STEPHANIE,
1996,1996,5.0,male,STEVENSON,1.0
1997,1997,,None,STHONE,1.0
1998,1998,,None,SUEILHA,
1999,1999,1.0,female,SUELENE,
2000,2000,47.0,female,SUELI,1.0
2001,2001,20.0,female,SUELY,1.0
2002,2002,,female,SUENI,1.0
2003,2003,1.0,female,SUENIA,
2004,2004,,female,SUIANNY,1.0
2005,2005,,female,SULANE,
2006,2006,,female,SULEMI,
2007,2007,1.0,female,SUNARA,
2008,2008,729.0,female,SUSANA,1.0
2009,2009,,female,SUYANA,1.0
2010,2010,88.0,female,SUZANA,
2011,2011,,female,SUZARA,1.0
2012,2012,,None,SUZERICA,
2013,2013,,female,SUZIANE,
2014,2014,,female,SUZIANNE,
2015,2015,786.0,female,SYLVIA,
2016,2016,9.0,male,SYLVIO,1.0
2017,2017,6.0,female,SYMONE,1.0
2018,2018,,None,TAANAKE,1.0
2019,2019,1.0,female,TABATTA,
2020,2020,26.0,female,TACIANA,1.0
2021,2021,,male,TACIANO,1.0
2022,2022,,male,TACITO,
2023,2023,2.0,female,TAIANA,
2024,2024,2.0,female,TAIANE,1.0
2025,2025,3.0,female,TAINARA,1.0
2026,2026,2.0,female,TAISE,1.0
2027,2027,,female,TAIZA,1.0
2028,2028,5.0,male,TALES,
2029,2029,26.0,female,TALITA,1.0
2030,2030,2.0,male,TALLES,0.96
2031,2031,,female,TALLITA,1.0
2032,2032,81.0,female,TAMAR,
2033,2033,999.0,female,TAMARA,1.0
2034,2034,2.0,female,TAMILA,1.0
2035,2035,1.0,male,TAMMS,1.0
2036,2036,1022.0,female,TANIA,1.0
2037,2037,,None,TANIRO,1.0
2038,2038,,male,TARCILIO,
2039,2039,,None,TARCIRO,
2040,2040,13.0,male,TARCISIO,
2041,2041,,male,TARCISO,1.0
2042,2042,6.0,female,TARSILA,
2043,2043,14.0,female,TASIA,1.0
2044,2044,1.0,female,TASSIA,1.0
2045,2045,,female,TASSIANA,1.0
2046,2046,6.0,male,TASSOS,
2047,2047,,female,TATHIANY,1.0
2048,2048,706.0,female,TATIANA,
2049,2049,45.0,female,TATIANE,0.99
2050,2050,78.0,female,TATYANA,1.0
2051,2051,1126.0,female,TAYLOR,1.0
2052,2052,1.0,female,TAYSSA,0.63
2053,2053,376.0,male,TED,1.0
2054,2054,50.0,female,TELMA,1.0
2055,2055,44.0,female,TEODORA,1.0
2056,2056,3.0,female,TERCIA,1.0
2057,2057,,male,TERCIANO,1.0
2058,2058,1631.0,female,TERESA,
2059,2059,6.0,female,TERESINHA,1.0
2060,2060,94.0,female,TEREZA,1.0
2061,2061,4.0,female,TEREZINHA,0.99
2062,2062,1.0,female,THAINA,1.0
2063,2063,41.0,female,THAIS,1.0
2064,2064,5.0,female,THAISA,1.0
2065,2065,2.0,female,THAISE,1.0
2066,2066,1.0,female,THAISSA,1.0
2067,2067,2.0,female,THAIZ,1.0
2068,2068,1.0,female,THAIZA,1.0
2069,2069,9.0,male,THALES,1.0
2070,2070,18.0,female,THALITA,1.0
2071,2071,2.0,male,THALLES,0.94
2072,2072,2.0,female,THATIANE,1.0
2073,2073,1.0,female,THATYANE,1.0
2074,2074,,female,THAUANA,1.0
2075,2075,9.0,female,THAYS,
2076,2076,3.0,female,THAYSE,1.0
2077,2077,,female,THAYZA,1.0
2078,2078,,female,THAZIA,
2079,2079,,None,THAZIO,
2080,2080,,None,THECYUS,
2081,2081,85.0,female,THELMA,
2082,2082,7.0,male,THEMIS,0.99
2083,2083,,male,THEMISTOCLES,0.57
2084,2084,145.0,male,THEO,
2085,2085,,male,THERCIO,0.97
2086,2086,2.0,female,THEREZA,
2087,2087,171.0,male,THIAGO,1.0
2088,2088,5.0,female,THIARE,1.0
2089,2089,,male,THIEGO,1.0
2090,2090,3753.0,male,THOMAS,
2091,2091,4.0,male,THOMAZ,1.0
2092,2092,,male,THULIO,1.0
2093,2093,,None,THYRONE,
2094,2094,231.0,male,TIAGO,
2095,2095,74.0,female,TIARA,1.0
2096,2096,9.0,male,TIBERIO,1.0
2097,2097,5.0,female,TICIANA,1.0
2098,2098,,female,TICIANE,1.0
2099,2099,1.0,male,TICIANO,
2100,2100,4.0,female,TIRZAH,1.0
2101,2101,143.0,male,TITO,1.0
2102,2102,352.0,male,TOBIAS,0.99
2103,2103,594.0,male,TOMAS,1.0
2104,2104,9.0,male,TOMAZ,0.99
2105,2105,112.0,male,TOMMASO,0.89
2106,2106,2.0,female,TULIA,1.0
2107,2107,21.0,male,TULIO,1.0
2108,2108,6.0,male,TULLIO,1.0
2109,2109,2.0,male,UBIRAJARA,1.0
2110,2110,2.0,male,UBIRATAN,1.0
2111,2111,1.0,male,UBIRATHAN,1.0
2112,2112,,None,UILIETE,1.0
2113,2113,,None,UIRA,
2114,2114,6.0,male,ULISSES,
2115,2115,19.0,male,ULYSSES,1.0
2116,2116,54.0,male,UMBERTO,0.95
2117,2117,169.0,female,URSULA,1.0
2118,2118,12.0,male,VAGNER,1.0
2119,2119,,male,VALBER,1.0
2120,2120,4.0,male,VALDECI,
2121,2121,,male,VALDECIO,1.0
2122,2122,,None,VALDECY,
2123,2123,9.0,male,VALDEMAR,
2124,2124,,male,VALDEMIR,1.0
2125,2125,,female,VALDENIA,
2126,2126,,female,VALDENIDES,
2127,2127,2.0,female,VALDI,
2128,2128,1.0,female,VALDICE,0.5
2129,2129,6.0,male,VALDIR,1.0
2130,2130,,female,VALDIRA,1.0
2131,2131,,male,VALDSON,
2132,2132,299.0,male,VALENTIN,
2133,2133,759.0,female,VALERIA,1.0
2134,2134,68.0,female,VALESKA,1.0
2135,2135,7.0,female,VALQUIRIA,1.0
2136,2136,,None,VALTEMIA,1.0
2137,2137,42.0,male,VALTER,
2138,2138,,male,VAMBERTO,1.0
2139,2139,,None,VANCI,
2140,2140,31.0,female,VANDA,
2141,2141,5.0,male,VANDER,1.0
2142,2142,4.0,male,VANDERLEI,1.0
2143,2143,,None,VANDINER,1.0
2144,2144,2704.0,female,VANESSA,
2145,2145,120.0,female,VANIA,1.0
2146,2146,,male,VANILDO,0.98
2147,2147,,female,VANISSE,
2148,2148,56.0,female,VANJA,
2149,2149,4.0,female,VANUSA,0.84
2150,2150,1.0,female,VANUZA,1.0
2151,2151,,female,VANUZIA,1.0
2152,2152,1.0,male,VEDER,
2153,2153,9.0,female,VELASQUEZ,1.0
2154,2154,,male,VENERANDO,1.0
2155,2155,,male,VENILSON,
2156,2156,410.0,female,VERA,
2157,2157,,female,VERBENA,1.0
2158,2158,,male,VERIDIANO,
2159,2159,3.0,male,VERNER,
2160,2160,1075.0,female,VERONICA,1.0
2161,2161,10.0,female,VERUSKA,0.99
2162,2162,,None,VESCIO,1.0
2163,2163,3.0,female,VIANA,
2164,2164,267.0,male,VICENTE,1.0
2165,2165,2234.0,male,VICTOR,1.0
2166,2166,25.0,male,VIDAL,1.0
2167,2167,215.0,male,VIKTOR,0.92
2168,2168,,female,VILANI,1.0
2169,2169,112.0,female,VILMA,
2170,2170,1424.0,male,VINCENT,1.0
2171,2171,15.0,male,VINICIO,1.0
2172,2172,72.0,male,VINICIUS,1.0
2173,2173,24.0,male,VIRGILIO,1.0
2174,2174,775.0,female,VIRGINIA,1.0
2175,2175,8.0,male,VITAL,1.0
2176,2176,106.0,male,VITOR,1.0
2177,2177,11.0,female,VITORIA,1.0
2178,2178,,male,VITTOR,1.0
2179,2179,555.0,female,VIVIAN,
2180,2180,113.0,female,VIVIANE,0.96
2181,2181,28.0,female,VIVIANNE,0.97
2182,2182,299.0,male,VLADIMIR,1.0
2183,2183,,male,VOLNEY,1.0
2184,2184,,None,WADLEIGHN,
2185,2185,51.0,male,WAGNER,
2186,2186,,None,WALANNE,0.98
2187,2187,1.0,male,WALBER,
2188,2188,,male,WALDECIO,1.0
2189,2189,,female,WALDENICE,
2190,2190,46.0,male,WALDO,
2191,2191,1.0,female,WALERIA,1.0
2192,2192,20.0,female,WALESKA,1.0
2193,2193,23.0,male,WALKER,1.0
2194,2194,50.0,male,WALLACE,0.91
2195,2195,,male,WALLACY,0.94
2196,2196,,None,WALNESIA,
2197,2197,,None,WALTECA,
2198,2198,864.0,male,WALTER,
2199,2199,,female,WANDERLEIA,1.0
2200,2200,5.0,male,WANDERLEY,
2201,2201,10.0,female,WANESSA,1.0
2202,2202,,female,WANUSIA,1.0
2203,2203,,male,WARLEY,
2204,2204,21.0,male,WASHINGTON,
2205,2205,,male,WATTSON,1.0
2206,2206,3.0,male,WEBER,
2207,2207,,male,WEDNEY,0.67
2208,2208,51.0,male,WELLINGTON,
2209,2209,49.0,male,WENDELL,1.0
2210,2210,80.0,male,WERNER,1.0
2211,2211,421.0,male,WESLEY,1.0
2212,2212,1.0,male,WEVERSON,1.0
2213,2213,5.0,male,WEVERTON,1.0
2214,2214,1.0,female,WIARA,1.0
2215,2215,,None,WICLIFFE,1.0
2216,2216,16.0,female,WIEBKE,
2217,2217,,None,WILACI,1.0
2218,2218,2.0,male,WILDERSON,
2219,2219,3.0,male,WILKER,1.0
2220,2220,,male,WILLAME,1.0
2221,2221,2626.0,male,WILLIAM,
2222,2222,42.0,male,WILLIAN,1.0
2223,2223,1.0,female,WILLIANE,1.0
2224,2224,110.0,female,WILMA,1.0
2225,2225,544.0,male,WILSON,1.0
2226,2226,,None,WILSYNNARA,0.99
2227,2227,23.0,female,WINIFRED,
2228,2228,128.0,male,WINSTON,1.0
2229,2229,,None,WOUBER,0.98
2230,2230,,male,XISTO,
2231,2231,203.0,male,YAN,
2232,2232,102.0,female,YANA,0.51
2233,2233,,None,YANAK,0.91
2234,2234,6.0,male,YANKO,
2235,2235,127.0,female,YARA,1.0
2236,2236,5.0,male,YASHA,1.0
2237,2237,294.0,female,YASMIN,1.0
2238,2238,,male,YCARO,1.0
2239,2239,670.0,female,YOLANDA,
2240,2240,,female,YOLE,1.0
2241,2241,,None,YULYANNA,
2242,2242,197.0,female,YURI,
2243,2243,1.0,male,ZACARIAS,0.52
2244,2244,46.0,female,ZAIRA,1.0
2245,2245,9.0,female,ZAMA,1.0
2246,2246,,female,ZANIA,0.67
2247,2247,,None,ZANKENNEDY,
2248,2248,2.0,male,ZAQUEU,
2249,2249,7.0,female,ZELIA,1.0
2250,2250,2.0,female,ZENAIDE,1.0
2251,2251,,None,ZENEWTON,1.0
2252,2252,,male,ZENOBIO,
2253,2253,1.0,male,ZEU,
2254,2254,,female,ZILANE,1.0
2255,2255,,female,ZILIANE,
2256,2256,,None,ZILMAR,
2257,2257,,female,ZIRLEIDE,
2258,2258,,None,ZIVANILSON,
2259,2259,1.0,female,ZORAIDE,
2260,2260,,None,ZORANO,1.0
2261,2261,,None,ZULAMAR,
2262,2262,2.0,female,ZULEIDE,
2263,2263,,female,ZULMARA,1.0
