name,gender,probability,count
ABDO,male,0.99,80
ABMAEL,None,,
ABNER,male,0.95,21
ABRAHAO,male,1,1
ACACIA,female,1,9
ACACIO,male,1,3
ACILENE,None,,
ACSA,None,,
ACYNELLY,None,,
ADA,female,0.96,205
ADAILDE,None,,
ADAILDO,None,,
ADAILSON,None,,
ADAILTON,male,1,5
ADALA,None,,
ADALBERTO,male,1,27
ADALGIZA,female,1,1
ADAM,male,1,3957
ADAMO,male,0.9,10
ADAUTO,male,1,1
ADDISON,male,0.64,11
ADEILDE,None,,
ADEILZE,None,,
ADELAIDE,female,1,36
ADELARDO,None,,
ADELE,female,1,236
ADELENA,female,1,2
ADELSON,male,1,1
ADEMAR,male,1,3
ADEMIR,male,1,21
ADENILDA,None,,
ADENYLZA,None,,
ADERSON,male,1,1
ADILA,female,0.94,16
ADILIANE,None,,
ADILSON,male,1,21
ADIR,male,1,6
ADJA,female,1,5
ADLAREG,None,,
ADLEY,None,,
ADNA,female,1,7
ADRIAN,male,0.97,1515
ADRIANA,female,1,1476
ADRIANE,female,0.98,60
ADRIANNE,female,1,37
ADRIANO,male,0.99,166
ADRIAO,None,,
ADSON,male,1,2
AFONSO,male,0.93,14
AFRANIO,male,1,4
AGAMENON,None,,
AGDA,female,1,1
AGNALDO,male,1,5
AGNES,female,1,332
AGOSTINHO,male,1,9
AGUINALDO,male,1,4
AILTON,male,1,10
AIRAN,None,,
AIRTON,male,1,6
AISLANIA,None,,
AISSA,female,0.63,16
AKALINE,None,,
ALAN,male,1,2079
ALANA,female,1,259
ALANE,female,1,3
ALANNA,female,1,73
ALBA,female,0.99,360
ALBANYRA,None,,
ALBERTO,male,1,1530
ALBIMAR,None,,
ALCIDES,male,1,23
ALCILEA,None,,
ALCILEIA,None,,
ALCIO,male,1,1
ALCIONE,female,1,4
ALCIVAN,None,,
ALDA,female,1,28
ALDACI,None,,
ALDAIR,male,1,10
ALDAYR,None,,
ALDENOR,None,,
ALDO,male,1,275
ALDOMAR,None,,
ALEKSANDR,male,1,25
ALESSANDRA,female,1,669
ALESSANDRO,male,1,1025
ALEX,male,0.87,5856
ALEXANDRE,male,1,899
ALEXANDRO,male,1,31
ALEXEY,male,1,45
ALEXIA,female,1,226
ALEXSANDRA,female,0.93,15
ALEXSANDRO,male,1,6
ALIANDA,None,,
ALIANI,female,1,1
ALICE,female,1,1414
ALINE,female,1,450
ALIPIO,male,1,11
ALISSON,female,0.69,16
ALLAN,male,1,590
ALLYNE,None,,
ALLYSON,female,1,158
ALMAN,None,,
ALMARIA,None,,
ALMIR,male,1,35
ALTAIVA,None,,
ALTENIR,None,,
ALUISIO,male,1,1
ALUIZIO,None,,
ALVARO,male,1,671
ALVESSENA,None,,
ALYNE,female,1,2
ALYSON,female,0.99,139
ALZENI,None,,
ALZIRA,female,1,2
ALZIVANY,None,,
AMADJA,None,,
AMALUSIA,None,,
AMANDA,female,1,4907
AMANDDA,female,1,1
AMANDY,female,1,2
AMANTINO,None,,
AMARILDO,male,1,4
AMARINO,None,,
AMARO,male,1,7
AMAURI,male,1,6
AMELIA,female,1,371
AMILSON,male,1,1
AMIRIA,female,1,1
AMON,male,0.67,9
AMOYSA,None,,
ANA,female,0.99,3621
ANAILSON,male,1,1
ANAIR,female,1,1
ANAISA,female,1,4
ANAJULIA,None,,
ANALICE,female,1,3
ANASTACIA,female,1,44
ANATALIA,None,,
ANAYSI,None,,
ANDERSON,male,0.99,197
ANDERSONN,male,1,1
ANDIARA,female,1,1
ANDIERISON,None,,
ANDRE,male,0.93,860
ANDREA,female,0.79,5794
ANDREIA,female,0.99,108
ANDREISSA,None,,
ANDREO,None,,
ANDRES,male,1,2057
ANDRESA,female,1,4
ANDRESSA,female,1,56
ANDRETTI,None,,
ANDREY,male,0.99,147
ANDREZA,female,1,5
ANDREZZA,female,1,7
ANE,female,0.98,57
ANEIDE,None,,
ANELINO,None,,
ANELISE,female,1,9
ANELLYSA,None,,
ANETE,female,1,4
ANGELA,female,1,3511
ANGELAMARIA,None,,
ANGELICA,female,1,946
ANGELIKE,female,1,1
ANGELO,male,1,539
ANIBAL,male,0.98,90
ANILZA,female,1,1
ANNA,female,1,4755
ANNAMARIA,female,1,111
ANNE,female,1,2461
ANNICK,female,0.99,144
ANNY,female,0.96,132
ANTHONY,male,1,3029
ANTOINETTE,female,1,144
ANTONIA,female,0.98,244
ANTONIELLI,None,,
ANTONINO,male,1,48
ANTONIO,male,1,2290
ANTONIONI,male,1,1
ANTONNYO,None,,
ANUSKA,female,1,8
ANY,female,0.99,90
APOLINO,None,,
APUENA,None,,
AQUILES,male,0.95,22
ARAKEN,None,,
ARAMIS,male,1,8
ARETHE,None,,
ARGEU,male,1,2
ARI,male,0.76,308
ARIADNE,female,1,22
ARIANE,female,1,136
ARIANO,None,,
ARINALDO,None,,
ARISTON,None,,
ARISTOTELINA,None,,
ARISTOTELINO,None,,
ARIVALDO,None,,
ARKADY,male,1,3
ARLAN,male,1,5
ARLENE,female,1,271
ARLETE,female,1,4
ARLINDA,female,1,17
ARLINDO,male,1,6
ARMANDO,male,0.99,589
ARNALDO,male,1,56
ARNAUD,male,0.99,375
ARNOBIO,None,,
ARRHENIUS,None,,
ARRILTON,None,,
ARRISON,None,,
ARTEJOSE,None,,
ARTEMISIA,female,1,2
ARTHUR,male,0.98,547
ARTUR,male,0.98,117
ARYELLE,None,,
ASKERY,None,,
ATELMO,None,,
ATHANASIOS,male,1,10
AUDINEZ,None,,
AUGUSTO,male,1,143
AUNIEBSON,None,,
AUREA,female,0.98,40
AURELIO,male,0.98,63
AURIGENA,None,,
AURINO,None,,
AUTA,None,,
AUXINILDO,None,,
AUZELIVIA,None,,
AVANDO,None,,
AVELINO,male,1,4
AVERLANDIO,None,,
AYLANA,None,,
AYLENE,None,,
AYSLA,female,1,1
AZEMAR,None,,
BARBARA,female,1,2837
BARNORA,None,,
BARTIRA,None,,
BARTOLOMEU,male,1,2
BEATRIZ,female,1,829
BEETHOVEN,female,0.5,2
BENEDITO,male,1,3
BENJAMIN,male,1,1475
BENTO,male,0.75,4
BERENICE,female,0.99,156
BERGSON,None,,
BERNADETE,female,1,2
BERNARDINO,male,1,8
BETANIA,female,1,11
BETINA,female,1,54
BETTINA,female,1,156
BIANCA,female,1,684
BISMARCK,male,1,3
BONIEK,None,,
BORIS,male,1,288
BRAULIO,male,1,33
BRAZ,None,,
BRENA,female,1,6
BRENDA,female,0.99,1816
BRENNO,male,1,2
BRENO,male,1,16
BRUCE,male,1,800
BRUMA,female,1,2
BRUNA,female,1,166
BRUNILLA,None,,
BRUNNA,female,1,5
BRUNO,male,1,926
CAIO,male,1,48
CALEBE,male,1,2
CAMILA,female,0.98,726
CAMILO,male,0.99,422
CANDICE,female,1,442
CANDIDA,female,1,50
CANDYCE,female,1,9
CARINA,female,1,433
CARLA,female,1,1583
CARLOS,male,1,5149
CARLSON,male,1,1
CARMEM,female,1,4
CARMEN,female,1,1916
CARMO,female,1,1
CAROLINA,female,0.99,2110
CAROLINE,female,1,2457
CASIO,None,,
CASSANDRA,female,1,622
CASSIA,female,1,22
CASSIANO,male,1,3
CASSIO,male,1,1
CATARINA,female,0.99,85
CATHIA,female,1,5
CATIANE,female,1,2
CECILIA,female,0.99,1101
CELCIMAR,None,,
CELIA,female,1,349
CELIMAR,female,1,6
CELIO,male,1,11
CELITA,None,,
CELLINA,female,1,1
CELSO,male,1,36
CESAR,male,1,1120
CEZAR,male,1,14
CHARLES,male,1,1798
CHENG,female,0.57,84
CHIANC,None,,
CHRISTIANE,female,1,132
CHRISTIANNE,female,0.9,10
CHRISTINA,female,1,2400
CHRISTOMYSLLEY,None,,
CIBELE,female,1,8
CIBELLE,female,1,2
CICERA,female,1,1
CICERO,male,1,5
CICLAMIO,None,,
CID,female,0.5,2
CIJARA,None,,
CILIANA,None,,
CIMONE,female,1,1
CINARA,female,1,10
CINTHYA,female,0.99,86
CINTIA,female,0.99,184
CIPRIANO,male,1,4
CIRINEU,None,,
CIRLENE,None,,
CIRO,male,1,116
CLARA,female,1,645
CLARIANA,female,1,2
CLARICE,female,1,45
CLARISSA,female,1,173
CLAUBERTO,None,,
CLAUDE,male,0.81,327
CLAUDIA,female,1,3051
CLAUDIANA,female,1,2
CLAUDIANE,female,1,3
CLAUDIANNY,None,,
CLAUDIO,male,1,854
CLAUDIONOR,None,,
CLAYTON,male,1,197
CLEA,female,1,7
CLEANTO,None,,
CLEBER,male,1,12
CLEBIA,None,,
CLEBSON,male,1,1
CLECIA,None,,
CLECIO,male,1,1
CLEDIANE,None,,
CLEIA,female,1,5
CLEIDE,female,1,13
CLEITON,male,1,5
CLELIA,female,1,10
CLEMENTINO,None,,
CLEMILDES,None,,
CLEMILTON,None,,
CLENILSON,None,,
CLEOMARA,None,,
CLEONICE,female,1,2
CLESIO,male,1,1
CLEVELAND,male,0.86,7
CLICERIO,None,,
CLIMERIO,None,,
CLODOALDO,male,1,5
CLODOMIRO,male,1,2
CLOVIS,male,0.93,15
CONCEICAO,female,1,1
CORDELIA,female,1,26
COSME,male,1,4
CREUZA,female,1,1
CRISDAVID,None,,
CRISLANE,None,,
CRISLUCI,None,,
CRISTHIANNE,None,,
CRISTIANA,female,1,66
CRISTIANE,female,0.95,85
CRISTIANNE,female,1,1
CRISTIANO,male,0.98,120
CRISTINA,female,1,1983
CRISTOVAM,None,,
CUSTODIO,male,1,2
CYBELE,female,1,1
CYNARA,female,1,1
CYNTHIA,female,1,1489
DACIFRAN,None,,
DAGMAR,female,1,50
DAISE,female,1,3
DAISY,female,0.99,370
DALIANE,female,1,1
DALILA,female,1,126
DALINE,female,1,1
DALTON,male,0.99,88
DALVA,female,1,3
DALVANEIDE,None,,
DALVANI,None,,
DALVANIR,None,,
DALYANA,None,,
DAMARES,female,1,2
DAMASCENO,None,,
DAMIANA,female,1,48
DAMIAO,None,,
DANDARA,female,1,1
DANDIVA,None,,
DANIEL,male,1,8180
DANIELA,female,0.99,2105
DANIELE,male,0.86,587
DANIELLA,female,1,164
DANIELLE,female,1,2429
DANIELSON,None,,
DANILLO,None,,
DANILO,male,0.99,293
DANNIELLY,None,,
DANUZIA,None,,
DANY,male,0.69,319
DARCI,female,0.9,20
DARLAN,male,1,4
DARLENE,female,1,416
DARLIO,None,,
DAVI,male,0.9,48
DAVID,male,1,12593
DAVITON,None,,
DAX,male,1,18
DAYANE,female,1,31
DAYANNE,female,1,2
DAYANY,None,,
DAYENNE,female,1,2
DAYHENNI,None,,
DAYSE,female,1,7
DEBORA,female,0.99,325
DEBORAH,female,0.99,1275
DEIBI,None,,
DEILSON,None,,
DEIVEDY,None,,
DEJADIERE,None,,
DELANDO,male,1,2
DELANE,female,1,1
DELIANNE,None,,
DELIO,None,,
DELSON,None,,
DENILSON,male,1,4
DENIS,male,0.93,577
DENISE,female,1,1844
DENISIO,None,,
DENISON,male,1,2
DENIZE,female,1,3
DENNIS,male,0.99,1279
DENNYS,male,0.89,9
DENYSON,None,,
DERISCLEIA,None,,
DERIVALDO,None,,
DESIO,None,,
DEUSA,None,,
DEUSDEDIT,None,,
DEUSIMAR,None,,
DEUZA,None,,
DEVANI,female,1,2
DEYSE,female,1,4
DIANA,female,0.99,2885
DICKSON,male,1,41
DIEGO,male,1,2270
DILIAN,female,1,1
DIMITRE,male,1,1
DIMITRI,male,1,197
DINAH,female,1,61
DINARA,female,1,14
DINARTE,male,1,1
DINO,male,0.99,186
DIOGENES,male,1,10
DIOGO,male,0.99,102
DIOMADSON,None,,
DIONE,female,0.84,19
DJAILDE,None,,
DJAILSON,None,,
DJALMA,male,1,16
DJANNI,None,,
DMITRY,male,1,73
DOMINGOS,male,0.93,15
DOMINIQUE,female,0.69,689
DONALIA,female,1,1
DORGIVAL,None,,
DORY,female,0.78,23
DOUGLAS,male,1,611
DRAULIO,None,,
DULCE,female,0.99,197
DULCINEIDE,None,,
DURVAL,male,1,2
DYEGO,male,1,1
DYNARA,None,,
EBERTON,None,,
EDESIO,None,,
EDGAR,male,1,877
EDGARD,male,1,24
EDIANA,female,1,1
EDILEIDE,None,,
EDILENE,female,0.95,19
EDILEUZA,female,1,1
EDILMA,female,1,7
EDILSON,male,1,12
EDILZA,female,1,1
EDIMAR,female,1,1
EDINEIDE,female,1,1
EDIPO,None,,
EDIVAL,male,1,1
EDIVALDO,male,1,5
EDIVAN,male,1,6
EDJA,female,1,1
EDJANE,female,1,3
EDLA,female,1,1
EDLUCIA,None,,
EDMILSON,male,1,9
EDNA,female,1,239
EDNALDO,male,1,1
EDNEIDE,None,,
EDNEY,male,1,1
EDNOR,None,,
EDRIENE,male,1,1
EDSON,male,1,152
EDU,male,0.99,116
EDUARDA,female,1,16
EDUARDO,male,1,1644
EDVALDO,male,1,7
EDY,male,0.81,74
EDZANA,None,,
EFRAIN,male,1,35
EGMAR,None,,
EIDER,female,0.5,6
EIJI,male,1,4
EINSTEIN,male,1,4
ELAINE,female,1,1142
ELANIA,female,1,2
ELAYNNE,None,,
ELBA,female,0.97,74
ELDA,female,1,69
ELDER,male,0.89,18
ELEDIR,None,,
ELEN,female,1,17
ELENA,female,1,1645
ELEONORA,female,1,209
ELIANA,female,1,394
ELIANE,female,0.99,117
ELIAS,male,1,372
ELIDETE,None,,
ELIDIEL,None,,
ELIEDSON,None,,
ELIELSA,None,,
ELIENE,female,1,5
ELIENICE,None,,
ELIESER,male,1,1
ELIETE,female,1,8
ELIEZER,male,0.96,27
ELIGIO,male,1,8
ELIKASSYA,None,,
ELINEI,None,,
ELINEIA,None,,
ELINETE,None,,
ELIOMAR,female,1,1
ELIONE,None,,
ELISA,female,0.99,805
ELISAMA,None,,
ELISANDRA,female,1,1
ELISANGELA,female,0.96,24
ELISANIE,None,,
ELISETE,female,1,2
ELISIO,male,1,1
ELISSA,female,1,115
ELIZA,female,0.99,263
ELIZABEL,None,,
ELIZABETE,female,1,10
ELIZABETH,female,1,3508
ELIZABETHE,None,,
ELIZANE,female,1,5
ELIZANGELA,female,1,5
ELIZEU,male,1,1
ELKA,female,1,6
ELKE,female,1,86
ELLEN,female,1,942
ELMAR,male,0.94,17
ELMO,male,0.79,19
ELOISA,female,1,33
ELOISE,female,1,55
ELSON,male,0.92,13
ELTON,male,1,62
ELVIS,male,0.97,179
ELZA,female,1,32
EMANOEL,male,1,2
EMANUEL,male,1,236
EMANUELA,female,0.99,170
EMANUELE,male,1,241
EMANUELLA,female,1,2
EMANUELLE,male,0.6,5
EMELIE,female,0.99,200
EMERSON,male,0.99,102
EMIDIO,male,1,7
EMILI,female,0.79,24
EMILY,female,1,3765
EMMANUELLE,female,0.98,176
ENEAS,male,1,5
ENEIDA,female,1,25
ENGELS,male,1,4
ENILDO,None,,
ENILSON,male,1,1
ENIO,male,1,5
ENOLEIDE,None,,
EPIFANIO,male,1,5
ERANILSON,None,,
ERIAMA,None,,
ERICA,female,1,1281
ERICK,male,1,470
ERICKA,female,1,186
ERICKINSON,None,,
ERICO,male,0.67,3
ERIDA,female,1,2
ERIDJA,None,,
ERIK,male,0.99,1072
ERIKA,female,0.99,1544
ERIKSON,male,1,2
ERINALDO,None,,
ERIVALDO,male,1,1
ERIVAN,male,1,3
ERMELINDA,female,1,3
ERMETON,None,,
ERMINIO,male,1,1
ERNANDE,None,,
ERONILSON,male,1,1
EROTILDES,female,1,1
ERYVALDO,None,,
ESDRAS,male,0.88,8
ESEQUIAS,None,,
ESMERALUCIA,None,,
ESON,None,,
ESTELA,female,1,138
ESTHEPHANIA,None,,
ESTHER,female,1,930
EUDENILSON,None,,
EUDIONE,None,,
EUGENIA,female,1,227
EUGENIO,male,1,153
EULALIA,female,0.88,8
EULER,male,1,3
EUNADIA,None,,
EUNICE,female,0.99,212
EURICO,male,1,2
EURIDES,female,0.5,2
EURISTANIA,None,,
EUSAMAR,None,,
EUZEBIA,None,,
EUZEBIO,None,,
EVA,female,1,1715
EVALDO,male,1,2
EVANDRO,male,1,23
EVANE,None,,
EVANS,male,0.92,73
EVANUCIA,None,,
EVE,female,0.99,324
EVELINE,female,1,56
EVERALDO,male,1,3
EVERARDO,male,1,17
EVERTON,male,1,48
EVILAZIO,None,,
EWERTON,male,1,2
EXPEDITO,None,,
EZEQUIAS,male,1,3
EZEQUIEL,male,1,190
FABIA,female,1,10
FABIAN,male,1,637
FABIANA,female,1,225
FABIANE,female,1,7
FABIANO,male,1,55
FABIO,male,0.99,890
FABIOLA,female,0.99,399
FABRICIA,female,1,10
FABRICIO,male,1,96
FAGNER,male,1,8
FATIMA,female,0.99,665
FEDERICO,male,1,686
FELIPE,male,1,912
FELISMINO,None,,
FELIX,male,1,657
FELLIPE,male,1,5
FERDINAND,male,1,49
FERNANDA,female,0.99,795
FERNANDO,male,1,2012
FIDEL,male,0.99,76
FILIPE,male,1,132
FIVIA,None,,
FLADJANY,None,,
FLAUBER,None,,
FLAUBERT,male,1,1
FLAVIA,female,0.99,373
FLAVIANA,female,1,2
FLAVIANE,female,1,3
FLAVIERY,None,,
FLAVIO,male,0.99,159
FLAVIUS,male,1,1
FLAVO,None,,
FLEIDE,None,,
FLORA,female,1,204
FLORIANO,male,1,4
FRANCENILDO,None,,
FRANCIANE,female,1,12
FRANCIANNE,None,,
FRANCIDALVA,None,,
FRANCIELE,female,1,8
FRANCILEIDE,None,,
FRANCINE,female,1,245
FRANCINETE,None,,
FRANCIONE,None,,
FRANCISCA,female,1,227
FRANCISCO,male,1,1513
FRANCK,male,1,327
FRANCOIRA,None,,
FRANCOIS,male,1,290
FRANCOISE,female,0.8,5
FRANKLIN,male,0.99,250
FRED,male,0.98,966
FREDERICO,male,1,23
FREUDSON,None,,
FRIEDA,female,1,25
FULVIO,male,1,31
GABRIEL,male,0.99,1674
GABRIELA,female,1,1293
GABRIELLA,female,0.99,280
GABRIELLE,female,0.99,347
GALTIERI,None,,
GARDENIA,female,1,8
GAUGEFRAN,None,,
GEANEIDE,None,,
GEILNE,None,,
GEILSON,None,,
GEISIELLY,None,,
GELSA,None,,
GELSON,male,1,4
GENIBALDO,None,,
GENIBERTO,None,,
GENILDO,None,,
GENIVAL,male,1,2
GENTIL,male,1,11
GEOMEREZ,None,,
GEORGE,male,0.99,2098
GEORGIA,female,0.99,397
GEOVANEIDE,None,,
GERALDO,male,0.98,40
GERARDO,male,1,619
GERBSON,None,,
GERCINA,None,,
GERLANE,None,,
GERMAN,male,1,405
GERMANNA,None,,
GERMANO,male,1,10
GEROMILTON,None,,
GERSON,male,1,98
GERSONEIDE,None,,
GERUZA,female,1,1
GERVASIO,male,1,1
GESSICA,female,1,13
GETULIO,male,1,2
GIANE,female,1,6
GIANKA,None,,
GIBEON,None,,
GIBSON,male,0.93,14
GIDYENNE,None,,
GILBERTO,male,1,201
GILDASIO,male,1,1
GILDENE,None,,
GILDETE,None,,
GILDO,male,1,11
GILIANE,female,1,3
GILKA,female,1,1
GILMAR,male,0.88,17
GILMARA,female,1,19
GILNEI,None,,
GILSON,male,1,13
GILVAN,male,1,13
GILVANDO,None,,
GILVANIA,female,1,1
GILVANILDO,None,,
GILZEMBERG,None,,
GIORDANO,male,0.91,23
GIOVANA,female,1,31
GIOVANNA,female,1,347
GIRLAYNE,None,,
GISELE,female,1,85
GISELLE,female,0.98,155
GISLAINE,female,1,12
GISLENE,female,1,8
GIULIAN,male,1,1
GIULIANA,female,0.97,89
GIULIANNA,female,1,2
GIUSEPPI,None,,
GIZELMA,None,,
GIZEUDA,None,,
GLAUBER,male,1,9
GLAUCE,female,1,1
GLAUCIANA,None,,
GLAUCIANE,None,,
GLAUCIO,male,1,1
GLAUKO,None,,
GLAYCE,None,,
GLEDSON,male,1,2
GLEICE,female,1,1
GLEIDSON,male,1,3
GLEIKO,None,,
GLEISSE,None,,
GLENN,male,0.99,652
GLEYBSON,None,,
GLEYDSON,male,1,2
GLICIA,female,1,1
GLORIA,female,1,1158
GLYNNER,None,,
GRACE,female,0.99,1125
GRACIA,female,1,19
GRACIELLE,female,1,1
GRACIMARA,None,,
GRACIMARY,None,,
GRACIO,None,,
GRACO,None,,
GRASIELA,female,1,2
GRAZIELLA,female,1,56
GRAZIELLE,female,1,4
GRINAURA,None,,
GUALTER,None,,
GUARACI,None,,
GUILHERME,male,1,190
GUNTHINEIA,None,,
GUSTAVO,male,1,1161
GUTEMBERGUE,None,,
GUTENBERG,None,,
GYLCE,None,,
GYOVANNY,None,,
HADASSA,female,1,3
HADIELLSON,None,,
HAILSON,None,,
HAILTON,male,1,3
HALAMO,None,,
HALCIMA,None,,
HALINE,None,,
HALLISSA,None,,
HALLYSSON,None,,
HANNAH,female,1,1949
HANRY,male,1,2
HARETON,None,,
HARIM,female,1,1
HAROLDO,male,1,15
HARTT,None,,
HASSAN,male,0.99,612
HEATHER,female,1,3220
HEBEL,None,,
HEBERT,male,1,13
HECTOR,male,1,390
HEITOR,male,1,8
HELAINE,female,1,7
HELAINY,None,,
HELANO,None,,
HELCIO,None,,
HELDER,male,1,28
HELDERES,None,,
HELEN,female,0.99,2201
HELENA,female,1,637
HELENICE,None,,
HELENO,male,1,3
HELI,female,0.98,103
HELIANA,female,1,22
HELIANE,None,,
HELIDA,female,1,1
HELIO,male,1,17
HELLEN,female,0.98,83
HELLYDA,None,,
HELOISA,female,1,13
HELOUISE,None,,
HELTON,male,1,2
HENIO,male,1,1
HENNE,female,1,9
HENRIQUE,male,1,118
HENRY,male,1,1067
HERBENNY,None,,
HERBERT,male,1,91
HERBET,None,,
HERBETE,None,,
HERCIANE,None,,
HERCULANA,female,1,17
HERCULANO,male,1,1
HERIC,None,,
HERICK,male,1,1
HERIKA,female,1,2
HERMANO,male,1,1
HERMES,male,1,34
HERMINIO,male,1,7
HERNANI,male,1,4
HERTZ,None,,
HEVERTON,male,1,5
HEVIO,None,,
HEYDER,male,1,1
HIGOR,male,1,9
HILCA,None,,
HILDA,female,1,219
HILDEGARD,female,0.5,2
HINDIAEL,None,,
HIPOLITO,male,1,9
HIRAM,male,1,27
HIRONOBU,male,1,3
HOMERO,male,1,26
HORTEVAN,None,,
HOSANA,female,1,6
HUDSON,male,1,15
HUGANISA,None,,
