,count,gender,name,probability
0,836,male,HUGO,1.0
1,,None,HULDMARY,
2,194,male,HUMBERTO,0.99
3,,None,HYLARINA,
4,,None,HYLAS,
5,,None,IAGE,
6,2159,male,IAN,0.99
7,7,female,IANA,1.0
8,2,female,IANNE,1.0
9,,None,IANNY,
10,1,male,IANO,1.0
11,,None,IAPONY,
12,16,female,IARA,1.0
13,,None,IASMIM,
14,12,male,ICARO,1.0
15,12,female,IDALINA,1.0
16,3,female,IDALMIS,1.0
17,,None,IDAUSA,
18,1,female,IDIANA,1.0
19,1,male,IDIVALDO,1.0
20,7,female,IEDA,1.0
21,,None,IESUS,
22,,None,IGARA,
23,345,male,IGOR,1.0
24,43,female,ILANA,1.0
25,,None,ILANE,
26,,None,ILARA,
27,2,female,ILENA,1.0
28,,None,ILISDAYNE,
29,34,female,ILKA,1.0
30,,None,ILLANNE,
31,1,male,ILLIA,1.0
32,1,female,ILMARA,1.0
33,,None,ILUSKA,
34,,None,ILZENETE,
35,2,male,INACIO,1.0
36,2,female,INAE,0.5
37,,None,INAMAR,
38,,None,INAURO,
39,51,female,INDIA,1.0
40,96,female,INDIRA,0.98
41,812,female,INGRID,1.0
42,4,female,INGRYD,1.0
43,20,female,IOLANDA,1.0
44,13,female,IONE,1.0
45,6,female,IRACEMA,1.0
46,,None,IRACU,
47,,None,IRALICE,
48,,None,IRAMARA,
49,24,female,IRAN,0.96
50,2,female,IRANI,1.0
51,,None,IRANILDO,
52,,None,IRANILTON,
53,1300,female,IRENE,1.0
54,573,female,IRIS,0.99
55,429,female,ISA,0.67
56,472,male,ISAAC,1.0
57,1,male,ISAACK,1.0
58,1094,female,ISABEL,1.0
59,91,female,ISABELA,0.99
60,1,female,ISABELE,1.0
61,13,female,ISABELITA,1.0
62,367,female,ISABELLA,0.99
63,867,female,ISABELLE,1.0
64,,None,ISABELLY,
65,15,male,ISAC,0.93
66,41,female,ISADORA,1.0
67,45,male,ISAIAS,1.0
68,1,female,ISANA,1.0
69,4,male,ISAQUE,1.0
70,21,female,ISAURA,1.0
71,,None,ISAUREMI,
72,1,male,ISAURO,1.0
73,74,female,ISIS,0.97
74,257,male,ISMAEL,1.0
75,804,male,ISMAIL,0.99
76,3,female,ISMENIA,1.0
77,,None,ISNARA,
78,384,male,ISRAEL,0.99
79,1,female,ITALA,1.0
80,47,male,ITALO,1.0
81,29,male,ITAMAR,0.97
82,,None,ITAMIR,
83,,None,ITANILDO,
84,12,male,IURI,0.92
85,2,male,IVALDO,1.0
86,3,male,IVAM,1.0
87,1905,male,IVAN,1.0
88,,None,IVANALDO,
89,1,male,IVANDRO,1.0
90,,None,IVANDSON,
91,1,female,IVANEIDE,1.0
92,,None,IVANIELLY,
93,2,male,IVANILDO,1.0
94,,None,IVANILKA,
95,,None,IVANISE,
96,,None,IVANIZIA,
97,1,female,IVANNY,1.0
98,,None,IVANOEL,
99,,None,IVANOR,
100,,None,IVANOSCA,
101,,None,IVANOVITCH,
102,2,female,IVELISE,1.0
103,,None,IVELY,
104,2,female,IVETE,1.0
105,,None,IVINA,
106,146,male,IVO,0.97
107,16,female,IVONE,1.0
108,,None,IVONEIDE,
109,2,female,IVONETE,1.0
110,3,male,IZAAC,1.0
111,24,female,IZABEL,1.0
112,10,female,IZABELLE,1.0
113,1,female,IZADORA,1.0
114,,None,IZAIAS,
115,,None,IZALA,
116,,None,IZAURA,
117,1,female,JACIARA,1.0
118,,None,JACICLEIDE,
119,,None,JACILEIDE,
120,49,female,JACINTA,1.0
121,13,male,JACINTO,1.0
122,1,female,JACIRA,1.0
123,62,female,JACKELINE,1.0
124,178,male,JACKSON,0.98
125,52,male,JACOPO,1.0
126,1016,female,JACQUELINE,1.0
127,8,female,JACQUELINNE,1.0
128,,None,JACYANA,
129,,None,JACYENE,
130,17,male,JADER,0.94
131,,None,JADNAELSON,
132,4,male,JADSON,1.0
133,,None,JAHYR,
134,,None,JAILDA,
135,,None,JAILMA,
136,6,male,JAILSON,1.0
137,1,male,JAILTON,1.0
138,1247,male,JAIME,0.68
139,96,male,JAIR,1.0
140,4,female,JAIRA,1.0
141,227,male,JAIRO,1.0
142,,None,JALES,
143,,None,JAMERSON,
144,6359,male,JAMES,0.99
145,5,female,JAMILE,1.0
146,5,female,JAMILLE,1.0
147,,None,JAMILSON,
148,61,female,JANAINA,0.98
149,1796,female,JANE,0.99
150,16,female,JANETE,1.0
151,,None,JANEUSA,
152,,None,JANILSON,
153,397,female,JANINE,1.0
154,12,male,JANIO,1.0
155,,None,JANMILLI,
156,240,male,JANNE,0.6
157,,None,JAQUELIGIA,
158,128,female,JAQUELINE,0.98
159,7,male,JAQUES,1.0
160,4927,male,JASON,1.0
161,2,female,JAZIEL,0.5
162,,None,JAZIELLI,
163,1523,female,JEAN,0.53
164,15,male,JEANCARLO,1.0
165,25,female,JEANE,1.0
166,2,female,JEANETE,1.0
167,449,female,JEANNE,1.0
168,29,male,JEFERSON,0.97
169,127,male,JEFFERSON,1.0
170,3,male,JEFFERSSON,1.0
171,,None,JEIEL,
172,,None,JEKSON,
173,5,male,JENNER,0.8
174,6717,female,JENNIFER,1.0
175,2,female,JENNYS,1.0
176,,None,JERFFESON,
177,31,male,JERONIMO,0.97
178,,None,JESAIAS,
179,,None,JESONIAS,
180,6696,female,JESSICA,1.0
181,,None,JESSICLEY,
182,83,female,JESSIKA,1.0
183,11,female,JESSYCA,1.0
184,1071,male,JESUS,0.98
185,1,male,JHONATAS,1.0
186,1,male,JOABE,1.0
187,,None,JOACY,
188,,None,JOADE,
189,,None,JOADETE,
190,,None,JOADIR,
191,257,female,JOANA,0.99
192,21,female,JOANE,0.9
193,,None,JOANILDA,
194,3,male,JOANNES,1.0
195,283,male,JOAO,1.0
196,43,male,JOAQUIM,1.0
197,,None,JOATA,
198,,None,JOATAN,
199,,None,JOATAO,
200,,None,JOCEKLEYTON,
201,,None,JOCELIA,
202,9,female,JOCELINE,1.0
203,,None,JOCIANE,
204,,None,JODEYLSON,
205,1468,male,JOEL,0.99
206,1,female,JOELIA,1.0
207,17,female,JOELMA,0.94
208,2,female,JOELSON,0.5
209,,None,JOELZA,
210,9931,male,JOHN,0.99
211,,None,JOHNNATAS,
212,33,female,JOICE,1.0
213,3,male,JOILSON,1.0
214,,None,JOIZA,
215,628,male,JONAS,1.0
216,2,male,JONATA,1.0
217,6,male,JONATAS,1.0
218,3702,male,JONATHAN,1.0
219,,None,JONIA,
220,28,female,JORDANA,0.93
221,400,male,JORDI,1.0
222,3183,male,JORGE,1.0
223,,None,JOSAIR,
224,,None,JOSALMIR,
225,,None,JOSCELIANO,
226,3821,male,JOSE,0.99
227,3,female,JOSEANE,1.0
228,34,female,JOSEFA,0.97
229,,None,JOSEILCE,
230,,None,JOSELENO,
231,5,female,JOSELI,0.6
232,3,female,JOSELIA,1.0
233,2,male,JOSELIO,1.0
234,27,male,JOSELITO,0.96
235,,None,JOSELLY,
236,1,male,JOSEMAR,1.0
237,,None,JOSEMERY,
238,,None,JOSENALDE,
239,,None,JOSENBERG,
240,,None,JOSENEIDE,
241,1,male,JOSENILDO,1.0
242,2,male,JOSENILSON,1.0
243,1,female,JOSEPHY,1.0
244,,None,JOSERLANDIA,
245,,None,JOSIANA,
246,121,female,JOSIANE,1.0
247,7,male,JOSIAS,1.0
248,,None,JOSIBEL,
249,1,female,JOSICLEIDE,1.0
250,,None,JOSILDA,
251,2,female,JOSILENE,1.0
252,,None,JOSILETE,
253,1,female,JOSIMARA,1.0
254,1,female,JOSINA,1.0
255,,None,JOSINALDO,
256,,None,JOSINEIDE,
257,1,female,JOSINETE,1.0
258,1,male,JOSIVAN,1.0
259,,None,JOSIVANIA,
260,,None,JOSSANA,
261,278,male,JOSUE,0.99
262,63,female,JOSY,0.94
263,7,female,JOVANKA,1.0
264,1,female,JOYANNE,1.0
265,1089,female,JOYCE,0.97
266,,None,JOYMARA,
267,,None,JOYME,
268,4584,male,JUAN,0.99
269,6,male,JUAREZ,0.83
270,,None,JUCIANO,
271,,None,JUCIENE,
272,1,female,JUCILENE,1.0
273,,None,JUCIMAR,
274,1,female,JUDITE,1.0
275,750,female,JUDITH,1.0
276,1,female,JUDITHE,1.0
277,,None,JUDNEY,
278,10,male,JUDSON,1.0
279,2152,female,JULIA,0.99
280,636,female,JULIANA,1.0
281,59,female,JULIANE,1.0
282,63,female,JULIANNE,1.0
283,,None,JULIANNY,
284,40,male,JULIANO,0.98
285,,None,JULIANY,
286,4260,female,JULIE,1.0
287,2,female,JULIETE,1.0
288,91,female,JULIETH,0.97
289,1052,male,JULIO,1.0
290,12,female,JULITA,1.0
291,1,female,JULLIANE,1.0
292,125,female,JULY,0.95
293,,None,JULYANA,
294,,None,JULYHERME,
295,10,female,JUNA,1.0
296,,None,JURACI,
297,1,male,JURANDIR,1.0
298,3,female,JUREMA,1.0
299,1,male,JUSCELINO,1.0
300,,None,JUSCIANO,
301,11,female,JUSSARA,1.0
302,,None,JUSSIER,
303,,None,JUSSUER,
304,,None,JUVANEIDE,
305,11,male,JUVENAL,1.0
306,,None,KADMA,
307,46,female,KAISA,1.0
308,,None,KALIANO,
309,,None,KALIENY,
310,35,female,KALINA,1.0
311,2,female,KALINE,1.0
312,,None,KALLIL,
313,,None,KALLILE,
314,,None,KALLINE,
315,,None,KALYANE,
316,2,female,KALYNE,1.0
317,108,female,KAMILA,1.0
318,,None,KAMYLA,
319,5462,female,KAREN,1.0
320,1,female,KARENINE,1.0
321,,None,KARILANY,
322,,None,KARILENE,
323,31,female,KARIME,0.84
324,1160,female,KARINA,1.0
325,482,female,KARINE,1.0
326,11,female,KARINNA,1.0
327,1,female,KARITA,1.0
328,1032,female,KARLA,1.0
329,,None,KARLIANE,
330,,None,KARLLYAMMO,
331,91,female,KAROLINE,0.98
332,,None,KARYLANE,
333,18,female,KARYNA,1.0
334,26,female,KARYNE,1.0
335,3,male,KASSIO,1.0
336,1,female,KATARINE,1.0
337,1413,female,KATHERINE,1.0
338,19,female,KATHIA,1.0
339,,None,KATHYLEEN,
340,419,female,KATIA,1.0
341,1,female,KATIANE,1.0
342,3741,female,KATIE,1.0
343,,None,KATIENE,
344,11,female,KATIUSCIA,1.0
345,,None,KATTARINE,
346,85,female,KATYA,1.0
347,,None,KAYNARA,
348,24,female,KAYO,0.79
349,61,female,KEILA,0.98
350,1417,male,KEITH,0.99
351,24,female,KEITY,1.0
352,,None,KEIVILANY,
353,,None,KELIENNY,
354,42,female,KELLEN,0.52
355,3831,female,KELLY,0.94
356,,None,KELSIANE,
357,438,male,KELVIN,1.0
358,61,female,KENIA,1.0
359,,None,KENIO,
360,37,male,KENNEDY,0.57
361,,None,KERCIA,
362,,None,KERGINALDO,
363,,None,KERLEI,
364,,None,KEROLAYNNE,
365,151,female,KERSTIN,1.0
366,5,female,KESIA,1.0
367,2,female,KESSIA,1.0
368,1,female,KESSYA,1.0
369,39,female,KEYLA,0.95
370,,None,KILDER,
371,1,female,KILZA,1.0
372,,None,KIONARA,
373,,None,KISNA,
374,,None,KIVHIA,
375,1,female,KIVIA,1.0
376,,None,KIVYSON,
377,3,male,KLAYTON,1.0
378,19,male,KLEBER,1.0
379,,None,KLEIBER,
380,,None,KLEISON,
381,1,male,KLEYTON,1.0
382,,None,KTARINA,
383,,None,KURIOS,
384,,None,LADDYLA,
385,78,female,LADY,0.97
386,,None,LAECIO,
387,,None,LAELSON,
388,3,male,LAERCIO,1.0
389,1,male,LAERTE,1.0
390,,None,LAHELYA,
391,44,female,LAIS,0.98
392,2,female,LAISA,1.0
393,5,female,LAISE,1.0
394,,None,LAISIA,
395,10,female,LAIZA,1.0
396,,None,LAIZE,
397,,None,LAMONIARA,
398,277,female,LANA,0.99
399,86,male,LANE,0.64
400,,None,LANISSA,
401,5,female,LANNA,1.0
402,,None,LANNUZYA,
403,552,female,LARA,1.0
404,,None,LARALIS,
405,322,female,LARISSA,1.0
406,1,female,LARISSE,1.0
407,7953,female,LAURA,1.0
408,1,female,LAURIANA,1.0
409,87,female,LAURITA,0.99
410,13,male,LAURO,1.0
411,101,female,LAVINIA,0.99
412,393,male,LAWRENCE,1.0
413,1,female,LAYANE,1.0
414,328,male,LEANDRO,1.0
415,,None,LEANDSON,
416,33,female,LEDA,1.0
417,,None,LEID,
418,375,female,LEILA,1.0
419,,None,LEILANNE,
420,,None,LEILIANNE,
421,2,female,LEIS,0.5
422,18,female,LELIA,1.0
423,592,female,LENA,0.99
424,,None,LENICIA,
425,,None,LENILTON,
426,3,female,LENISE,1.0
427,759,male,LEO,0.95
428,409,male,LEON,0.99
429,886,male,LEONARDO,1.0
430,137,male,LEONEL,0.99
431,27,male,LEONIDAS,0.96
432,,None,LEONILSON,
433,44,male,LEOPOLDO,1.0
434,,None,LERCIA,
435,349,female,LETICIA,0.99
436,,None,LETISSANDRA,
437,139,male,LEVI,0.95
438,267,female,LIA,0.99
439,92,female,LIANA,0.99
440,,None,LIBNA,
441,,None,LICELIO,
442,348,female,LIDIA,1.0
443,7,female,LIDIANE,1.0
444,,None,LIDIANNE,
445,1,male,LIDIO,1.0
446,,None,LIETI,
447,49,female,LIGIA,1.0
448,,None,LIGIANNE,
449,1,male,LIGIO,1.0
450,103,female,LILIA,1.0
451,278,female,LILIAN,0.94
452,748,female,LILIANA,0.99
453,90,female,LILIANE,1.0
454,3,female,LILIANNE,1.0
455,91,male,LINCOLN,0.98
456,4323,female,LINDA,1.0
457,1,female,LINDALVA,1.0
458,3,male,LINDEMBERG,1.0
459,,None,LINDIJANE,
460,,None,LINDOLFO,
461,,None,LINDUARTE,
462,,None,LISABETE,
463,16,female,LISANDRA,1.0
464,,None,LISIE,
465,,None,LISIEUX,
466,32,female,LISS,1.0
467,40,female,LISSA,0.95
468,178,female,LIVIA,0.99
469,22,male,LIVIO,1.0
470,1696,female,LIZ,1.0
471,,None,LIZIANNE,
472,1,female,LIZIE,1.0
473,65,female,LORAINE,1.0
474,191,female,LORE,0.99
475,1133,female,LORENA,1.0
476,3,female,LORENNA,1.0
477,1791,female,LOUISE,1.0
478,,None,LOUISIANNY,
479,415,female,LOURDES,1.0
480,2,female,LOURENA,1.0
481,1,male,LOURIVAL,1.0
482,,None,LOUSARDO,
483,28,male,LUAN,0.82
484,158,female,LUANA,1.0
485,15,female,LUANDA,1.0
486,19,female,LUANN,1.0
487,12,female,LUANNA,1.0
488,1003,male,LUCAS,1.0
489,,None,LUCELIO,
490,902,female,LUCIA,0.99
491,460,female,LUCIANA,0.99
492,24,female,LUCIANE,1.0
493,2,male,LUCIANI,1.0
494,1,female,LUCIANNA,1.0
495,365,male,LUCIANO,1.0
496,41,male,LUCIEN,0.98
497,13,female,LUCIENE,1.0
498,80,female,LUCILA,1.0
499,,None,LUCILDA,
500,1,female,LUCILEIDE,1.0
501,15,female,LUCIMAR,0.87
502,,None,LUCINEIA,
503,2,female,LUCINEIDE,1.0
504,101,male,LUCIO,1.0
505,,None,LUCIVANIA,
506,,None,LUCRECIO,
507,,None,LUCYMARA,
508,,None,LUCYPAULA,
509,4053,male,LUIS,1.0
510,177,male,LUIZ,0.99
511,53,female,LUIZA,0.96
512,,None,LUIZY,
513,,None,LUTIANE,
514,493,female,LUZ,0.99
515,,None,LUZANIRA,
516,43,female,LUZIA,1.0
517,1,female,LUZIANA,1.0
518,,None,LUZIENE,
519,,None,LUZIMAR,
520,,None,LUZIMARA,
521,,None,LUZINETE,
522,2,female,LYANE,1.0
523,1,female,LYGIA,1.0
524,,None,LYRENE,
525,5,female,LYSANDRA,1.0
526,7,female,LYVIA,1.0
527,234,female,MABEL,1.0
528,,None,MACERLY,
529,5,male,MACIEL,0.6
530,,None,MACILON,
531,,None,MADRAS,
532,311,female,MAGALI,0.99
533,334,female,MAGDA,0.97
534,411,female,MAGDALENA,1.0
535,10,male,MAGDI,0.8
536,7,female,MAGNA,0.86
537,,None,MAGNALDA,
538,10,male,MAGNO,1.0
539,24,female,MAGNOLIA,1.0
540,302,male,MAGNUS,1.0
541,1,female,MAHAYANA,1.0
542,,None,MAIANNA,
543,4,female,MAIARA,1.0
544,12,female,MAISA,1.0
545,1,female,MAIZA,1.0
546,,None,MAKARIOS,
547,1,male,MALCON,1.0
548,,None,MANASSES,
549,,None,MANILO,
550,27,male,MANOEL,1.0
551,3,female,MANOELLA,1.0
552,1954,male,MANUEL,1.0
553,460,female,MANUELA,1.0
554,340,female,MARA,0.96
555,,None,MARALICE,
556,403,male,MARCEL,0.96
557,844,female,MARCELA,0.99
558,30,male,MARCELINO,1.0
559,124,female,MARCELLA,0.99
560,96,female,MARCELLE,1.0
561,190,male,MARCELLO,1.0
562,810,male,MARCELO,1.0
563,370,female,MARCIA,1.0
564,5,male,MARCIANO,1.0
565,6,male,MARCILIO,1.0
566,110,male,MARCIO,0.99
567,,None,MARCIONEIDE,
568,2493,male,MARCO,0.99
569,2,male,MARCONDES,1.0
570,1,male,MARCONE,1.0
571,7,male,MARCONI,0.86
572,1,male,MARCONIO,1.0
573,823,male,MARCOS,1.0
574,970,male,MARCUS,1.0
575,33,female,MARGARETH,1.0
576,,None,MARGARETTI,
577,56,female,MARGARIDA,1.0
578,441,female,MARGARITA,1.0
579,8402,female,MARIA,0.99
580,1247,female,MARIANA,1.0
581,33,female,MARIANE,1.0
582,66,female,MARIANGELA,1.0
583,812,female,MARIANNE,0.99
584,310,male,MARIANO,1.0
585,,None,MARICELE,
586,5,female,MARILDA,1.0
587,,None,MARILEIDE,
588,,None,MARILEILA,
589,9,female,MARILENE,1.0
590,14,female,MARILIA,1.0
591,1326,female,MARINA,0.99
592,2,female,MARINES,1.0
593,,None,MARINEZA,
594,2026,male,MARIO,0.99
595,612,female,MARISA,1.0
596,42,female,MARISE,1.0
597,,None,MARISIO,
598,10,female,MARISTELA,1.0
599,23,female,MARIZA,1.0
600,,None,MARIZALDO,
601,,None,MARIZE,
602,,None,MARIZO,
603,342,female,MARJORIE,0.99
604,10,female,MARJORY,1.0
605,3,male,MARKE,0.67
606,412,male,MARKUS,1.0
607,3,female,MARLE,1.0
608,475,female,MARLENE,1.0
609,21,female,MARLI,1.0
610,,None,MARLIETE,
611,,None,MARLLON,
612,1,male,MARLOS,1.0
613,1,female,MARLUCE,1.0
614,,None,MARLUCIA,
615,37,female,MARLY,0.95
616,,None,MARSILENE,
617,1408,female,MARTA,1.0
618,1169,female,MARTHA,0.99
619,3568,male,MARTIN,1.0
620,,None,MASSILDE,
621,23,male,MATEUS,1.0
622,63,male,MATHEUS,1.0
623,61,female,MATILDE,1.0
624,261,male,MATTHIEU,1.0
625,6,female,MAUREN,1.0
626,,None,MAURICEIA,
627,,None,MAURICELIO,
628,1203,male,MAURICIO,1.0
629,14,male,MAURILIO,1.0
630,,None,MAURITY,
631,477,male,MAURO,1.0
632,1140,male,MAX,0.98
633,1,male,MAXSON,1.0
634,77,male,MAXWELL,0.99
635,1,female,MAYANE,1.0
636,20,female,MAYARA,1.0
637,,None,MAYONARA,
638,401,female,MAYRA,1.0
639,5,female,MEIRE,1.0
640,183,female,MELINA,0.99
641,4400,female,MELISSA,1.0
642,,None,MELKA,
643,,None,MELQUESEDEQUE,
644,3,female,MELYNA,1.0
645,,None,MENELEU,
646,,None,MENILLA,
647,1,female,MERCES,1.0
648,2,female,MERCIA,1.0
649,2,female,MEYRE,0.5
650,4,male,MEYSAM,1.0
651,11094,male,MICHAEL,1.0
652,729,male,MICHEL,0.96
653,1311,female,MICHELE,0.7
654,40,female,MICHELINE,0.98
655,5658,female,MICHELLE,1.0
656,,None,MICHELLINE,
657,1,female,MIDIA,1.0
658,,None,MIDIAM,
659,12,female,MIDORI,1.0
660,2065,male,MIGUEL,1.0
661,,None,MIKELLY,
662,392,female,MILENA,1.0
663,19,female,MILENE,0.95
664,,None,MILKIA,
665,1,female,MILLENA,1.0
666,168,male,MILTON,1.0
667,3,female,MILVA,1.0
668,2,male,MIQUEIAS,1.0
669,,None,MIRACY,
670,,None,MIRADALVA,
671,,None,MIRALVA,
672,,None,MIRANICE,
673,68,female,MIRELLA,1.0
674,5,female,MIRIA,1.0
675,851,female,MIRIAM,1.0
676,63,female,MIRIAN,1.0
677,5,female,MIRLA,0.8
678,,None,MIRNARI,
679,1,female,MOAB,1.0
680,1,male,MOACIR,1.0
681,,None,MOACY,
682,,None,MOALDECIR,
683,3,female,MOEMA,1.0
684,133,male,MOISES,1.0
685,,None,MONACI,
686,16,female,MONALISA,1.0
687,4,female,MONALIZA,1.0
688,2787,female,MONICA,1.0
689,734,female,MONIQUE,1.0
690,,None,MONISE,
691,1,female,MONIZE,1.0
692,1,female,MONYKA,1.0
693,11,female,MORGANA,1.0
694,5,male,MORTON,1.0
695,,None,MOUSANIEL,
696,4,male,MOYSES,1.0
697,,None,MUIRAKYTAN,
698,7,male,MURILLO,1.0
699,18,male,MURILO,1.0
700,1,female,MYCHELLE,1.0
701,3,female,MYLENA,1.0
702,,None,MYLLENA,
703,1036,female,NADIA,0.99
704,140,female,NADJA,1.0
705,1,male,NADSON,1.0
706,16,female,NAI,0.63
707,1,female,NAIANNE,1.0
708,,None,NAICHE,
709,1,female,NAINA,1.0
710,9,female,NAIRA,1.0
711,1,female,NAIRE,1.0
712,,None,NAISANDRA,
713,,None,NAIYAN,
714,1,female,NALVA,1.0
715,131,female,NAN,0.91
716,2716,female,NANCY,1.0
717,32,female,NARA,0.91
718,3,female,NASTASSJA,1.0
719,1370,female,NATALIA,1.0
720,2027,female,NATALIE,1.0
721,2,female,NATANIA,1.0
722,,None,NATANY,
723,981,female,NATASHA,1.0
724,,None,NATERCIO,
725,100,female,NATHALIA,1.0
726,106,female,NATHALY,1.0
727,2,female,NATHALYA,1.0
728,2,female,NATHANY,1.0
729,1,female,NATJA,1.0
730,8,female,NAYANA,1.0
731,21,female,NAYARA,1.0
732,8,female,NAYDA,1.0
733,,None,NAZINEIDE,
734,,None,NEDJA,
735,2,male,NEEMIAS,1.0
736,5,female,NEIDA,1.0
737,1036,male,NEIL,1.0
738,,None,NEILMA,
739,3,male,NEILSON,1.0
740,24,female,NELI,0.88
741,3,male,NELIO,1.0
742,609,male,NELSON,0.99
743,24,female,NELY,1.0
744,,None,NERIDEUS,
745,,None,NERIVANIA,
746,,None,NESIO,
747,317,male,NESTOR,1.0
748,,None,NEUCIANE,
749,1,female,NEUMA,1.0
750,,None,NEUSIENE,
751,35,female,NEY,0.8
752,,None,NEYJMME,
753,1,male,NEYMAR,1.0
754,1,female,NEYRE,1.0
755,,None,NEYSE,
756,216,male,NG,0.66
757,3,male,NICOLAU,1.0
758,4042,female,NICOLE,1.0
759,,None,NIEDSON,
760,,None,NIEGIA,
761,42,female,NILA,1.0
762,,None,NILBA,
763,,None,NILBERTO,
764,80,female,NILDA,1.0
765,4,female,NILMA,1.0
766,13,male,NILO,1.0
767,26,male,NILSON,1.0
768,16,male,NILTON,1.0
769,11,female,NILZA,1.0
770,,None,NIOMAR,
771,103,male,NIR,0.99
772,,None,NIREIDE,
773,7,male,NIVALDO,0.86
774,8,female,NIVIA,1.0
775,,None,NIVIAN,
776,,None,NIZETE,
777,,None,NIZIA,
778,,None,NKARTHE,
779,4,female,NOELI,1.0
780,307,female,NOELIA,1.0
781,,None,NOEMEA,
782,,None,NOMINANDO,
783,69,male,NORBERTO,1.0
784,548,female,NORMA,1.0
785,52,female,NUBIA,1.0
786,287,female,NURIA,1.0
787,,None,NYLADIH,
788,,None,OBERLAN,
789,116,male,OCTAVIO,0.99
790,,None,ODENISE,
791,,None,ODILENE,
792,,None,ODILENO,
793,,None,ODIRLEI,
794,7,male,OLAVO,1.0
795,898,female,OLGA,1.0
